strategy_name,stage_index,element_index,global_element_id,r_f_m_inv,permeability_decline_pct,specific_cumulative_volume_l_m2,local_flux_lmh,local_polarization_modulus,local_feed_tds_mg_l,local_surface_tds_mg_l
Authoritative Baseline,1,1,Stage1_Vessel1_Elem1,64097706756270.08,36.86838355473871,3466.8594020793726,15.357817702070639,1.0886633232749692,2041.0,2288.583250859381
Authoritative Baseline,1,1,Stage1_Vessel2_Elem1,64097706756270.08,36.86838355473871,3466.8594020793726,15.357817702070639,1.0886633232749692,2041.0,2288.583250859381
Authoritative Baseline,1,1,Stage1_Vessel3_Elem1,64097706756270.08,36.86838355473871,3466.8594020793726,15.357817702070639,1.0886633232749692,2041.0,2288.583250859381
Authoritative Baseline,1,2,Stage1_Vessel1_Elem2,67077712231405.086,37.93226820242126,3351.9735559845103,14.952818838864099,1.0862170954210228,2163.3912051243833,2422.7781938294306
Authoritative Baseline,1,2,Stage1_Vessel2_Elem2,67077712231405.086,37.93226820242126,3351.9735559845103,14.952818838864099,1.0862170954210228,2163.3912051243833,2422.7781938294306
Authoritative Baseline,1,2,Stage1_Vessel3_Elem2,67077712231405.086,37.93226820242126,3351.9735559845103,14.952818838864099,1.0862170954210228,2163.3912051243833,2422.7781938294306
Authoritative Baseline,1,3,Stage1_Vessel1_Elem3,70206382399082.125,39.01131339113798,3227.0030176396876,14.531400976269607,1.083677532497199,2297.555329491425,2569.662634500416
Authoritative Baseline,1,3,Stage1_Vessel2_Elem3,70206382399082.125,39.01131339113798,3227.0030176396876,14.531400976269607,1.083677532497199,2297.555329491425,2569.662634500416
Authoritative Baseline,1,3,Stage1_Vessel3_Elem3,70206382399082.125,39.01131339113798,3227.0030176396876,14.531400976269607,1.083677532497199,2297.555329491425,2569.662634500416
Authoritative Baseline,2,1,Stage2_Vessel1_Elem1,134528200404870.67,55.06996413548282,4933.296285149155,22.300774493438297,1.1314667330353938,2444.9304330009486,2863.691952197238
Authoritative Baseline,2,1,Stage2_Vessel2_Elem1,134528200404870.67,55.06996413548282,4933.296285149155,22.300774493438297,1.1314667330353938,2444.9304330009486,2863.691952197238
Authoritative Baseline,2,2,Stage2_Vessel1_Elem2,143746893311501.97,56.70384410163325,4762.3019997394895,21.811785680589413,1.1283977754288463,2616.9805690393705,3062.148946487403
Authoritative Baseline,2,2,Stage2_Vessel2_Elem2,143746893311501.97,56.70384410163325,4762.3019997394895,21.811785680589413,1.1283977754288463,2616.9805690393705,3062.148946487403
Authoritative Baseline,2,3,Stage2_Vessel1_Elem3,153457828150247.25,58.30118916672946,4562.746245486984,21.29093507150353,1.1251380040050643,2810.447618372,3285.1316874563026
Authoritative Baseline,2,3,Stage2_Vessel2_Elem3,153457828150247.25,58.30118916672946,4562.746245486984,21.29093507150353,1.1251380040050643,2810.447618372,3285.1316874563026
Strategy A (Max Recovery),1,1,Stage1_Vessel1_Elem1,108400116481848.38,49.688835236336836,5073.005726945707,22.083880839756457,1.130104451445207,2041.0,2408.8115399925982
Strategy A (Max Recovery),1,1,Stage1_Vessel2_Elem1,108400116481848.38,49.688835236336836,5073.005726945707,22.083880839756457,1.130104451445207,2041.0,2408.8115399925982
Strategy A (Max Recovery),1,1,Stage1_Vessel3_Elem1,108400116481848.38,49.688835236336836,5073.005726945707,22.083880839756457,1.130104451445207,2041.0,2408.8115399925982
Strategy A (Max Recovery),1,2,Stage1_Vessel1_Elem2,119590659137139.34,52.14365569924826,4922.194916710008,21.624717945525816,1.127225916536205,2221.989207612,2623.7989191396905
Strategy A (Max Recovery),1,2,Stage1_Vessel2_Elem2,119590659137139.34,52.14365569924826,4922.194916710008,21.624717945525816,1.127225916536205,2221.989207612,2623.7989191396905
Strategy A (Max Recovery),1,2,Stage1_Vessel3_Elem2,119590659137139.34,52.14365569924826,4922.194916710008,21.624717945525816,1.127225916536205,2221.989207612,2623.7989191396905
Strategy A (Max Recovery),1,3,Stage1_Vessel1_Elem3,132991854914757.75,54.78560507263961,4737.2480784465615,21.122761306292087,1.124087492013402,2433.331222213156,2875.3913553966977
Strategy A (Max Recovery),1,3,Stage1_Vessel2_Elem3,132991854914757.75,54.78560507263961,4737.2480784465615,21.122761306292087,1.124087492013402,2433.331222213156,2875.3913553966977
Strategy A (Max Recovery),1,3,Stage1_Vessel3_Elem3,132991854914757.75,54.78560507263961,4737.2480784465615,21.122761306292087,1.124087492013402,2433.331222213156,2875.3913553966977
Strategy A (Max Recovery),2,1,Stage2_Vessel1_Elem1,160466396203145.84,59.38269475327675,4874.4662352217565,22.116901883774908,1.1303117465477008,2682.6252773053266,3149.030615208921
Strategy A (Max Recovery),2,1,Stage2_Vessel2_Elem1,160466396203145.84,59.38269475327675,4874.4662352217565,22.116901883774908,1.1303117465477008,2682.6252773053266,3149.030615208921
Strategy A (Max Recovery),2,2,Stage2_Vessel1_Elem2,172685730864023.12,61.13991852080638,4649.413063011282,21.627695383189717,1.1272445587310111,2889.3430311316547,3389.736692748968
Strategy A (Max Recovery),2,2,Stage2_Vessel2_Elem2,172685730864023.12,61.13991852080638,4649.413063011282,21.627695383189717,1.1272445587310111,2889.3430311316547,3389.736692748968
Strategy A (Max Recovery),2,3,Stage2_Vessel1_Elem3,182910611943179.28,62.49756330316533,4370.650826164536,21.099398866668682,1.1239416341251685,3124.8562240236665,3663.8957132816213
Strategy A (Max Recovery),2,3,Stage2_Vessel2_Elem3,182910611943179.28,62.49756330316533,4370.650826164536,21.099398866668682,1.1239416341251685,3124.8562240236665,3663.8957132816213
Strategy B (Min Energy),1,1,Stage1_Vessel1_Elem1,92186049944571.78,45.64935265605122,4562.994672716692,20.569455767099637,1.1206381384162225,2041.0,2381.0871864824167
Strategy B (Min Energy),1,1,Stage1_Vessel2_Elem1,92186049944571.78,45.64935265605122,4562.994672716692,20.569455767099637,1.1206381384162225,2041.0,2381.0871864824167
Strategy B (Min Energy),1,1,Stage1_Vessel3_Elem1,92186049944571.78,45.64935265605122,4562.994672716692,20.569455767099637,1.1206381384162225,2041.0,2381.0871864824167
Strategy B (Min Energy),1,2,Stage1_Vessel1_Elem2,99131706372544.77,47.45653277896117,4409.625052597711,20.040343415785646,1.1173495085542915,2208.5201704406804,2574.9543980677104
Strategy B (Min Energy),1,2,Stage1_Vessel2_Elem2,99131706372544.77,47.45653277896117,4409.625052597711,20.040343415785646,1.1173495085542915,2208.5201704406804,2574.9543980677104
Strategy B (Min Energy),1,2,Stage1_Vessel3_Elem2,99131706372544.77,47.45653277896117,4409.625052597711,20.040343415785646,1.1173495085542915,2208.5201704406804,2574.9543980677104
Strategy B (Min Energy),1,3,Stage1_Vessel1_Elem3,106891888898702.94,49.338589202231006,4233.061748445304,19.470974081380213,1.113821446531186,2400.5200239732853,2797.1185141589235
Strategy B (Min Energy),1,3,Stage1_Vessel2_Elem3,106891888898702.94,49.338589202231006,4233.061748445304,19.470974081380213,1.113821446531186,2400.5200239732853,2797.1185141589235
Strategy B (Min Energy),1,3,Stage1_Vessel3_Elem3,106891888898702.94,49.338589202231006,4233.061748445304,19.470974081380213,1.113821446531186,2400.5200239732853,2797.1185141589235
Strategy B (Min Energy),2,1,Stage2_Vessel1_Elem1,119469260583169.44,52.11831099713247,4217.202350707046,19.65840876763038,1.114981642225767,2622.0417571274293,3020.3678854431464
Strategy B (Min Energy),2,1,Stage2_Vessel2_Elem1,119469260583169.44,52.11831099713247,4217.202350707046,19.65840876763038,1.114981642225767,2622.0417571274293,3020.3678854431464
Strategy B (Min Energy),2,2,Stage2_Vessel1_Elem2,125165640110094.4,53.27933732544676,4037.148761329801,19.128166382403197,1.1117026350777877,2795.7476863180755,3215.13407852183
Strategy B (Min Energy),2,2,Stage2_Vessel2_Elem2,125165640110094.4,53.27933732544676,4037.148761329801,19.128166382403197,1.1117026350777877,2795.7476863180755,3215.13407852183
Strategy B (Min Energy),2,3,Stage2_Vessel1_Elem3,130477038902940.36,54.31229364324862,3833.7805523517236,18.5684345566022,1.108251728635811,2988.4143316065506,3430.65706482723
Strategy B (Min Energy),2,3,Stage2_Vessel2_Elem3,130477038902940.36,54.31229364324862,3833.7805523517236,18.5684345566022,1.108251728635811,2988.4143316065506,3430.65706482723
Strategy C (Min Stress),1,1,Stage1_Vessel1_Elem1,49355855666592.48,31.019250012075204,2830.6406510689435,13.029679118218217,1.0746760041572079,2041.0,2248.663845309113
Strategy C (Min Stress),1,1,Stage1_Vessel2_Elem1,49355855666592.48,31.019250012075204,2830.6406510689435,13.029679118218217,1.0746760041572079,2041.0,2248.663845309113
Strategy C (Min Stress),1,1,Stage1_Vessel3_Elem1,49355855666592.48,31.019250012075204,2830.6406510689435,13.029679118218217,1.0746760041572079,2041.0,2248.663845309113
Strategy C (Min Stress),1,2,Stage1_Vessel1_Elem2,50289058767407.09,31.4214638345897,2716.6601035884655,12.581821139992796,1.0720059913546072,2143.821912112164,2356.9535810225375
Strategy C (Min Stress),1,2,Stage1_Vessel2_Elem2,50289058767407.09,31.4214638345897,2716.6601035884655,12.581821139992796,1.0720059913546072,2143.821912112164,2356.9535810225375
Strategy C (Min Stress),1,2,Stage1_Vessel3_Elem2,50289058767407.09,31.4214638345897,2716.6601035884655,12.581821139992796,1.0720059913546072,2143.821912112164,2356.9535810225375
Strategy C (Min Stress),1,3,Stage1_Vessel1_Elem3,51121331423186.46,31.77623979534536,2597.490982968908,12.123458006524,1.0692802224137652,2253.454968857963,2472.024772901221
Strategy C (Min Stress),1,3,Stage1_Vessel2_Elem3,51121331423186.46,31.77623979534536,2597.490982968908,12.123458006524,1.0692802224137652,2253.454968857963,2472.024772901221
Strategy C (Min Stress),1,3,Stage1_Vessel3_Elem3,51121331423186.46,31.77623979534536,2597.490982968908,12.123458006524,1.0692802224137652,2253.454968857963,2472.024772901221
Strategy C (Min Stress),2,1,Stage2_Vessel1_Elem1,100359412494015.45,47.76354210247706,4217.534593103467,19.710761850582465,1.115305916699605,2370.262408652185,2722.439961868326
Strategy C (Min Stress),2,1,Stage2_Vessel2_Elem1,100359412494015.45,47.76354210247706,4217.534593103467,19.710761850582465,1.115305916699605,2370.262408652185,2722.439961868326
Strategy C (Min Stress),2,2,Stage2_Vessel1_Elem2,104325528758713.0,48.731276901257544,4068.0221170139866,19.186091251608836,1.1120603714606936,2511.6985333726284,2879.2913659181577
Strategy C (Min Stress),2,2,Stage2_Vessel2_Elem2,104325528758713.0,48.731276901257544,4068.0221170139866,19.186091251608836,1.1120603714606936,2511.6985333726284,2879.2913659181577
Strategy C (Min Stress),2,3,Stage2_Vessel1_Elem3,108290840656962.52,49.66362162077858,3905.400521792757,18.638734412194765,1.1086845583542697,2666.6019255066008,3050.6424273081057
Strategy C (Min Stress),2,3,Stage2_Vessel2_Elem3,108290840656962.52,49.66362162077858,3905.400521792757,18.638734412194765,1.1086845583542697,2666.6019255066008,3050.6424273081057
Strategy D (Balanced Knee),1,1,Stage1_Vessel1_Elem1,87876277411674.56,44.46413724767504,4404.233761401691,19.776177092265538,1.115711230606934,2041.0,2366.719100249494
Strategy D (Balanced Knee),1,1,Stage1_Vessel2_Elem1,87876277411674.56,44.46413724767504,4404.233761401691,19.776177092265538,1.115711230606934,2041.0,2366.719100249494
Strategy D (Balanced Knee),1,1,Stage1_Vessel3_Elem1,87876277411674.56,44.46413724767504,4404.233761401691,19.776177092265538,1.115711230606934,2041.0,2366.719100249494
Strategy D (Balanced Knee),1,2,Stage1_Vessel1_Elem2,94162359093889.73,46.176096524636414,4257.60428140185,19.27072255601697,1.1125832502692197,2201.5298505994724,2551.0615415564694
Strategy D (Balanced Knee),1,2,Stage1_Vessel2_Elem2,94162359093889.73,46.176096524636414,4257.60428140185,19.27072255601697,1.1125832502692197,2201.5298505994724,2551.0615415564694
Strategy D (Balanced Knee),1,2,Stage1_Vessel3_Elem2,94162359093889.73,46.176096524636414,4257.60428140185,19.27072255601697,1.1125832502692197,2201.5298505994724,2551.0615415564694
Strategy D (Balanced Knee),1,3,Stage1_Vessel1_Elem3,101138167993087.0,47.95643072700696,4090.1538413124304,18.729745551351773,1.1092451566483146,2384.3050358041664,2760.876797889664
Strategy D (Balanced Knee),1,3,Stage1_Vessel2_Elem3,101138167993087.0,47.95643072700696,4090.1538413124304,18.729745551351773,1.1092451566483146,2384.3050358041664,2760.876797889664
Strategy D (Balanced Knee),1,3,Stage1_Vessel3_Elem3,101138167993087.0,47.95643072700696,4090.1538413124304,18.729745551351773,1.1092451566483146,2384.3050358041664,2760.876797889664
Strategy D (Balanced Knee),2,1,Stage2_Vessel1_Elem1,122773822755120.05,52.798769128643855,4346.430356948059,20.134923033350432,1.1179366468000622,2593.6329454296756,2996.915426127395
Strategy D (Balanced Knee),2,1,Stage2_Vessel2_Elem1,122773822755120.05,52.798769128643855,4346.430356948059,20.134923033350432,1.1179366468000622,2593.6329454296756,2996.915426127395
Strategy D (Balanced Knee),2,2,Stage2_Vessel1_Elem2,129149694658857.86,54.05845765596431,4166.899237531332,19.612569295738336,1.1146977904165487,2767.879148669123,3193.387188589973
Strategy D (Balanced Knee),2,2,Stage2_Vessel2_Elem2,129149694658857.86,54.05845765596431,4166.899237531332,19.612569295738336,1.1146977904165487,2767.879148669123,3193.387188589973
Strategy D (Balanced Knee),2,3,Stage2_Vessel1_Elem3,135248210911127.4,55.20200212395166,3962.6144641406413,19.06003700635027,1.111282024285391,2961.722571267262,3411.513117181563
Strategy D (Balanced Knee),2,3,Stage2_Vessel2_Elem3,135248210911127.4,55.20200212395166,3962.6144641406413,19.06003700635027,1.111282024285391,2961.722571267262,3411.513117181563
