simulation_id,sampling_method,random_seed,model_version,parameter_set,topology,timestamp,feed_flow_m3h,feed_tds_mgL,feed_cod_mgL,feed_pH,temperature_C,stage1_pressure_bar,stage2_pressure_bar,feasible,failure_reason,failure_message,quality_flag,overall_recovery_pct,permeate_flow_m3h,concentrate_flow_m3h,permeate_tds_mgL,concentrate_tds_mgL,overall_tds_rejection_pct,stage1_recovery_pct,stage2_recovery_pct,average_flux_LMH,minimum_flux_LMH,maximum_flux_LMH,maximum_element_recovery_pct,maximum_polarization_modulus,feed_osmotic_pressure_bar,final_concentrate_osmotic_pressure_bar,stage1_pump_power_kW,stage2_booster_power_kW,total_power_kW,SEC_kWh_m3,water_balance_error,solute_balance_error,flux_decline_stage1_pct,flux_decline_stage2_pct,max_element_concentrate_tds_mgL,max_element_osmotic_pressure_bar,dataset_split
SIM_00520,latin_hypercube,42,2.0.0,manufacturer_reconciled,concentrate_staging_3x2,2026-09-08T13:20:41.404130+00:00,21.4903,1708.92,57.97,8.62,25.57,19.848,26.817,0,OTHER,Unexpected simulation failure: Applied pressure (25.43 bar) is less than feed osmotic pressure (26.66 bar). Reverse osmosis cannot proceed (effective driving force <= 0).,FAIL,,,,,,,,,,,,,,,,,,,,,,,,,,none
SIM_00555,latin_hypercube,42,2.0.0,manufacturer_reconciled,concentrate_staging_3x2,2026-09-08T13:20:41.404130+00:00,20.0359,1575.47,89.1,8.61,34.44,18.929,23.924,0,OTHER,Unexpected simulation failure: Applied pressure (22.54 bar) is less than feed osmotic pressure (23.44 bar). Reverse osmosis cannot proceed (effective driving force <= 0).,FAIL,,,,,,,,,,,,,,,,,,,,,,,,,,none
SIM_00644,latin_hypercube,42,2.0.0,manufacturer_reconciled,concentrate_staging_3x2,2026-09-08T13:20:41.404130+00:00,21.7742,1799.81,77.48,9.26,26.93,19.945,27.713,0,OTHER,Unexpected simulation failure: Applied pressure (26.32 bar) is less than feed osmotic pressure (27.37 bar). Reverse osmosis cannot proceed (effective driving force <= 0).,FAIL,,,,,,,,,,,,,,,,,,,,,,,,,,none
SIM_01412,latin_hypercube,42,2.0.0,manufacturer_reconciled,concentrate_staging_3x2,2026-09-08T13:20:41.404130+00:00,20.1566,1727.65,31.1,9.16,33.77,19.449,23.139,0,OTHER,Unexpected simulation failure: Applied pressure (21.75 bar) is less than feed osmotic pressure (22.03 bar). Reverse osmosis cannot proceed (effective driving force <= 0).,FAIL,,,,,,,,,,,,,,,,,,,,,,,,,,none
SIM_01551,latin_hypercube,42,2.0.0,manufacturer_reconciled,concentrate_staging_3x2,2026-09-08T13:20:41.404130+00:00,20.7422,1790.57,30.26,7.99,22.86,19.887,25.267,0,OTHER,Unexpected simulation failure: Applied pressure (23.88 bar) is less than feed osmotic pressure (24.78 bar). Reverse osmosis cannot proceed (effective driving force <= 0).,FAIL,,,,,,,,,,,,,,,,,,,,,,,,,,none
SIM_01677,latin_hypercube,42,2.0.0,manufacturer_reconciled,concentrate_staging_3x2,2026-09-08T13:20:41.404130+00:00,20.2761,2107.76,92.28,6.65,25.86,19.214,26.794,0,OTHER,Unexpected simulation failure: Applied pressure (25.41 bar) is less than feed osmotic pressure (25.77 bar). Reverse osmosis cannot proceed (effective driving force <= 0).,FAIL,,,,,,,,,,,,,,,,,,,,,,,,,,none
SIM_01913,latin_hypercube,42,2.0.0,manufacturer_reconciled,concentrate_staging_3x2,2026-09-08T13:20:41.404130+00:00,20.2614,1724.57,33.02,7.25,30.99,19.512,23.217,0,OTHER,Unexpected simulation failure: Applied pressure (21.83 bar) is less than feed osmotic pressure (22.16 bar). Reverse osmosis cannot proceed (effective driving force <= 0).,FAIL,,,,,,,,,,,,,,,,,,,,,,,,,,none
SIM_02012,latin_hypercube,42,2.0.0,manufacturer_reconciled,concentrate_staging_3x2,2026-09-08T13:20:41.404130+00:00,21.4386,1854.77,48.99,8.55,30.24,19.983,27.111,0,OTHER,Unexpected simulation failure: Applied pressure (25.72 bar) is less than feed osmotic pressure (26.51 bar). Reverse osmosis cannot proceed (effective driving force <= 0).,FAIL,,,,,,,,,,,,,,,,,,,,,,,,,,none
SIM_02196,latin_hypercube,42,2.0.0,manufacturer_reconciled,concentrate_staging_3x2,2026-09-08T13:20:41.404130+00:00,23.1964,1502.46,30.35,9.27,29.07,19.53,27.37,0,OTHER,Unexpected simulation failure: Applied pressure (25.98 bar) is less than feed osmotic pressure (26.03 bar). Reverse osmosis cannot proceed (effective driving force <= 0).,FAIL,,,,,,,,,,,,,,,,,,,,,,,,,,none
SIM_02667,latin_hypercube,42,2.0.0,manufacturer_reconciled,concentrate_staging_3x2,2026-09-08T13:20:41.404130+00:00,21.4818,1607.5,30.2,7.38,26.5,19.708,27.508,0,OTHER,Unexpected simulation failure: Applied pressure (26.12 bar) is less than feed osmotic pressure (28.02 bar). Reverse osmosis cannot proceed (effective driving force <= 0).,FAIL,,,,,,,,,,,,,,,,,,,,,,,,,,none
SIM_02750,latin_hypercube,42,2.0.0,manufacturer_reconciled,concentrate_staging_3x2,2026-09-08T13:20:41.404130+00:00,20.6969,1915.62,81.59,8.33,21.31,19.919,25.676,0,OTHER,Unexpected simulation failure: Applied pressure (24.29 bar) is less than feed osmotic pressure (25.03 bar). Reverse osmosis cannot proceed (effective driving force <= 0).,FAIL,,,,,,,,,,,,,,,,,,,,,,,,,,none
SIM_02890,latin_hypercube,42,2.0.0,manufacturer_reconciled,concentrate_staging_3x2,2026-09-08T13:20:41.404130+00:00,20.5205,1690.54,51.25,7.55,27.87,19.419,24.933,0,OTHER,Unexpected simulation failure: Applied pressure (23.54 bar) is less than feed osmotic pressure (24.48 bar). Reverse osmosis cannot proceed (effective driving force <= 0).,FAIL,,,,,,,,,,,,,,,,,,,,,,,,,,none
SIM_03048,latin_hypercube,42,2.0.0,manufacturer_reconciled,concentrate_staging_3x2,2026-09-08T13:20:41.404130+00:00,20.0105,2103.38,76.04,7.76,34.89,18.678,27.573,0,OTHER,Unexpected simulation failure: Applied pressure (26.18 bar) is less than feed osmotic pressure (26.54 bar). Reverse osmosis cannot proceed (effective driving force <= 0).,FAIL,,,,,,,,,,,,,,,,,,,,,,,,,,none
SIM_03113,latin_hypercube,42,2.0.0,manufacturer_reconciled,concentrate_staging_3x2,2026-09-08T13:20:41.404130+00:00,20.0048,2034.95,36.22,7.19,23.41,19.706,24.567,0,OTHER,Unexpected simulation failure: Applied pressure (23.18 bar) is less than feed osmotic pressure (23.51 bar). Reverse osmosis cannot proceed (effective driving force <= 0).,FAIL,,,,,,,,,,,,,,,,,,,,,,,,,,none
SIM_03116,latin_hypercube,42,2.0.0,manufacturer_reconciled,concentrate_staging_3x2,2026-09-08T13:20:41.404130+00:00,21.445,1520.97,55.43,8.98,27.73,18.426,26.428,0,OTHER,Unexpected simulation failure: Applied pressure (25.04 bar) is less than feed osmotic pressure (25.73 bar). Reverse osmosis cannot proceed (effective driving force <= 0).,FAIL,,,,,,,,,,,,,,,,,,,,,,,,,,none
SIM_03617,latin_hypercube,42,2.0.0,manufacturer_reconciled,concentrate_staging_3x2,2026-09-08T13:20:41.404130+00:00,22.1427,1681.2,27.6,9.1,29.99,19.288,27.021,0,OTHER,Unexpected simulation failure: Applied pressure (25.63 bar) is less than feed osmotic pressure (25.70 bar). Reverse osmosis cannot proceed (effective driving force <= 0).,FAIL,,,,,,,,,,,,,,,,,,,,,,,,,,none
SIM_03872,latin_hypercube,42,2.0.0,manufacturer_reconciled,concentrate_staging_3x2,2026-09-08T13:20:41.404130+00:00,20.3217,1560.92,49.14,7.37,28.07,18.45,27.374,0,OTHER,Unexpected simulation failure: Applied pressure (25.99 bar) is less than feed osmotic pressure (28.25 bar). Reverse osmosis cannot proceed (effective driving force <= 0).,FAIL,,,,,,,,,,,,,,,,,,,,,,,,,,none
SIM_04024,latin_hypercube,42,2.0.0,manufacturer_reconciled,concentrate_staging_3x2,2026-09-08T13:20:41.404130+00:00,20.1867,1593.02,97.8,9.47,30.93,17.577,26.563,0,OTHER,Unexpected simulation failure: Applied pressure (25.17 bar) is less than feed osmotic pressure (26.25 bar). Reverse osmosis cannot proceed (effective driving force <= 0).,FAIL,,,,,,,,,,,,,,,,,,,,,,,,,,none
SIM_04100,latin_hypercube,42,2.0.0,manufacturer_reconciled,concentrate_staging_3x2,2026-09-08T13:20:41.404130+00:00,20.4716,1659.91,49.18,8.99,32.48,19.424,25.988,0,OTHER,Unexpected simulation failure: Applied pressure (24.60 bar) is less than feed osmotic pressure (26.02 bar). Reverse osmosis cannot proceed (effective driving force <= 0).,FAIL,,,,,,,,,,,,,,,,,,,,,,,,,,none
SIM_04510,latin_hypercube,42,2.0.0,manufacturer_reconciled,concentrate_staging_3x2,2026-09-08T13:20:41.404130+00:00,20.5265,1558.3,43.54,8.75,32.22,19.362,25.505,0,OTHER,Unexpected simulation failure: Applied pressure (24.12 bar) is less than feed osmotic pressure (25.65 bar). Reverse osmosis cannot proceed (effective driving force <= 0).,FAIL,,,,,,,,,,,,,,,,,,,,,,,,,,none
SIM_04521,latin_hypercube,42,2.0.0,manufacturer_reconciled,concentrate_staging_3x2,2026-09-08T13:20:41.404130+00:00,21.8395,1540.61,37.36,7.38,33.39,19.166,27.766,0,OTHER,Unexpected simulation failure: Applied pressure (26.38 bar) is less than feed osmotic pressure (27.89 bar). Reverse osmosis cannot proceed (effective driving force <= 0).,FAIL,,,,,,,,,,,,,,,,,,,,,,,,,,none
