clock_hour,q_feed_available_m3_h,c_feed_mg_l,temp_c
0,30.3974,2096.57,23.7
1,30.2776,2160.05,23.53
2,31.2682,1966.05,23.3
3,32.2791,2088.21,23.26
4,31.1117,2019.85,24.35
5,31.2616,2034.08,24.68
6,32.7634,2032.16,25.45
7,32.0628,2020.22,25.84
8,30.9235,2079.28,26.52
9,31.4947,2030.78,26.15
10,30.3793,2101.07,27.39
11,30.0156,2085.97,27.03
12,30.1936,2078.73,28.04
13,28.0811,2042.62,26.59
14,27.8701,2066.39,27.6
15,28.4895,2150.17,26.51
16,27.8907,2138.65,25.67
17,28.8025,2053.61,25.28
18,27.7736,2121.78,24.84
19,27.4213,2164.36,24.69
20,29.8735,2022.46,24.26
21,28.7587,2158.45,23.3
22,29.304,2089.21,23.26
23,28.472,2166.19,24.14
24,29.5645,2089.02,23.86
25,30.477,2029.26,23.29
26,29.8292,2042.5,23.29
27,31.3612,2145.49,23.65
28,30.8185,2160.51,24.31
29,31.2155,2092.83,23.97
30,31.0186,2187.43,24.87
31,32.9307,2051.3,24.68
32,31.2882,2148.74,26.2
33,30.2145,2081.61,26.74
34,31.408,2116.56,26.49
35,29.4116,2159.76,27.72
36,30.1671,2106.37,26.39
37,28.044,2135.83,26.2
38,28.1875,2220.04,26.84
39,29.0968,2125.63,26.94
40,29.2917,2210.81,26.84
41,28.6882,2093.13,25.29
42,28.4075,2192.79,25.54
43,28.3102,2247.41,24.46
44,27.5181,2012.37,23.91
45,28.3635,2112.43,24.03
46,28.8815,2194.28,23.59
47,30.4575,2146.73,22.28
48,30.2749,2180.26,23.74
49,28.9778,2120.67,23.76
50,31.0093,2160.86,22.96
51,30.7526,2144.93,23.78
52,30.7575,2222.77,24.25
53,31.9382,2166.25,24.61
54,32.3248,2169.37,24.72
55,32.1939,2122.38,25.18
56,30.6277,2115.67,25.99
57,30.8133,2116.65,27.0
58,31.015,2163.82,27.0
59,31.1687,2112.29,26.75
60,29.6167,2152.21,27.39
61,29.4632,2256.48,25.51
62,28.3649,2181.23,27.31
63,27.9824,2106.29,25.54
64,29.351,2194.69,25.82
65,29.6361,2094.79,24.96
66,28.4424,1993.53,24.35
67,29.3539,2051.77,25.06
68,28.9903,1996.35,23.77
69,28.4232,2083.75,23.76
70,29.5391,2102.11,23.24
71,30.8422,2197.66,23.31
72,29.9713,2112.68,23.04
73,31.6399,2075.84,22.43
74,28.6542,2134.61,23.77
75,31.7182,1947.97,23.34
76,31.3687,2090.51,23.22
77,31.2097,2118.31,24.27
78,31.5734,1978.99,25.75
79,29.8588,2131.93,25.94
80,31.1233,2079.19,25.83
81,31.3464,2029.52,26.24
82,31.9323,2087.93,26.57
83,29.9736,2181.73,27.97
84,29.3532,2051.91,27.19
85,29.2104,2051.41,27.15
86,29.9823,2004.47,27.25
87,29.2023,1976.57,26.53
88,28.2772,2072.94,25.87
89,28.9617,1967.33,25.42
90,28.5777,2018.59,24.96
91,29.326,1981.28,24.46
92,28.1393,2034.37,24.36
93,28.6772,2021.39,23.61
94,28.9363,2059.41,23.63
95,28.441,1962.41,23.03
96,30.2369,1972.74,23.04
97,30.5971,1926.2,22.07
98,30.7541,1954.34,23.73
99,30.873,1999.79,23.76
100,30.1667,2018.82,24.5
101,31.1124,1914.41,23.03
102,31.2258,2018.36,26.04
103,30.8071,2044.06,25.45
104,31.17,1984.19,26.55
105,31.3839,2068.75,25.89
106,32.2589,1906.61,27.04
107,30.5279,1875.36,26.41
108,30.206,1840.46,26.69
109,29.5522,2034.21,27.89
110,27.715,1981.11,26.64
111,28.9181,1936.06,26.52
112,28.7491,1953.88,26.44
113,30.5217,1867.38,25.77
114,28.3461,2079.63,25.08
115,28.7923,1938.77,24.66
116,28.6732,1935.86,25.2
117,28.0044,1971.28,23.56
118,30.1643,1955.19,23.37
119,30.2133,1938.52,23.59
120,30.6328,1876.58,23.55
121,29.6607,1951.38,23.66
122,31.8722,2035.26,23.59
123,29.9392,2002.48,23.01
124,31.7685,2016.93,24.82
125,33.2013,1890.41,23.91
126,30.7076,1861.62,25.15
127,30.9959,1913.54,25.14
128,31.3788,1924.68,25.97
129,30.6579,1987.41,26.58
130,29.5095,1820.79,26.89
131,30.4431,2014.87,27.14
132,29.1502,1914.53,27.81
133,29.9906,1899.48,27.16
134,28.5145,1865.61,26.61
135,30.1793,1828.44,26.9
136,28.0744,1978.69,26.59
137,28.2935,1935.41,24.9
138,29.1508,1855.49,25.3
139,27.5664,1857.2,24.83
140,28.8829,1916.93,23.85
141,29.9851,2039.53,24.27
142,27.964,1926.28,23.19
143,29.7595,1854.26,23.13
144,30.2079,1932.44,22.91
145,31.0137,1933.68,23.08
146,29.7604,1791.22,22.72
147,30.0043,1952.89,22.87
148,31.7166,1945.52,24.8
149,31.6865,2004.5,24.06
150,31.7004,2077.12,24.5
151,31.726,2037.34,24.44
152,30.755,1957.27,25.68
153,31.2465,1910.76,25.75
154,30.9845,2135.4,27.55
155,29.8167,1988.48,27.44
156,31.4926,1989.77,26.66
157,29.9908,1991.57,28.06
158,28.297,2009.04,27.22
159,29.4646,1992.7,26.25
160,27.9212,1971.21,24.75
161,29.1808,1977.13,26.66
162,29.4269,2012.33,24.31
163,27.8946,1986.09,23.66
164,29.4717,1980.34,24.51
165,29.2696,2033.95,24.81
166,29.9076,2016.73,23.96
167,31.1292,2126.75,23.35
168,29.8037,1881.94,23.3
169,29.7852,2110.98,23.49
170,30.0384,2124.73,23.65
171,30.408,1930.03,23.73
172,31.2374,2038.32,24.05
173,31.7218,2041.02,24.45
174,31.7214,1983.25,24.62
175,32.1106,2025.39,25.38
176,31.3094,2009.74,25.15
177,32.2235,2185.77,26.37
178,30.5383,2140.98,26.24
179,32.5644,2165.28,26.38
180,30.5005,2136.37,27.09
181,28.926,2029.33,27.63
182,28.3933,2069.53,27.19
183,29.3253,2134.21,25.63
184,28.5222,2035.27,25.51
185,29.1223,2155.04,25.99
186,28.8786,2101.4,24.51
187,28.4928,2096.79,24.37
188,28.0235,2165.28,24.28
189,27.7275,2152.51,23.1
190,28.8928,2107.31,23.32
191,30.2969,2201.52,22.4
192,30.1713,2069.96,22.7
193,29.3916,2174.51,23.23
194,30.8885,2175.73,22.47
195,31.3689,2124.03,23.81
196,30.592,2164.49,23.99
197,31.5719,2072.03,24.76
198,31.5466,2204.56,25.11
199,30.5345,2139.89,26.2
200,31.5853,2121.34,26.06
201,31.5093,2217.21,26.2
202,31.6164,2113.41,26.79
203,31.2313,2072.4,27.2
204,28.8979,2064.59,27.02
205,28.8615,2195.27,26.95
206,29.662,2082.83,26.38
207,29.3504,2265.53,26.08
208,29.113,2035.75,25.3
209,31.6333,2262.7,26.39
210,28.9567,2173.66,24.38
211,29.4596,2155.11,24.14
212,29.4642,2127.97,23.64
213,29.4605,2184.19,24.03
214,28.9978,2157.4,23.12
215,30.2189,2225.11,23.69
216,29.3817,2164.85,22.66
217,30.1988,2165.93,23.21
218,30.3617,2133.85,22.85
219,31.1262,2150.85,24.66
220,33.1508,2171.17,23.41
221,29.9551,2048.38,24.64
222,32.049,2068.23,25.32
223,30.1587,2191.69,25.72
224,30.9215,2155.17,25.91
225,31.9318,2131.57,26.35
226,30.8014,2141.25,26.75
227,29.526,2158.41,26.86
228,29.4278,2102.43,27.48
229,30.1554,2085.26,28.04
230,28.6657,2140.72,26.45
231,29.1125,2067.15,25.73
232,28.7374,2147.12,25.96
233,28.0298,2017.12,26.81
234,30.2152,2177.57,24.6
235,29.0582,2140.61,25.3
236,27.0808,2123.96,24.84
237,29.0885,2163.81,23.31
238,28.7206,2200.93,23.55
239,30.2937,2157.93,23.88
240,29.366,1982.61,22.81
241,30.2964,2012.21,22.97
242,31.154,2047.35,22.98
243,31.7533,2082.2,23.08
244,30.3388,2107.43,23.68
245,31.1813,2028.51,23.87
246,31.12,2078.91,25.02
247,30.9262,2017.99,25.13
248,32.7114,2022.19,26.12
249,31.3846,1970.04,25.64
250,29.7413,1994.57,26.9
251,31.1225,1964.39,27.35
252,31.6977,1982.45,26.0
253,30.4377,2099.73,27.12
254,28.0345,1975.07,27.35
255,28.552,2185.51,25.81
256,29.7145,2052.71,26.84
257,27.985,2029.78,25.73
258,28.8551,1962.8,24.65
259,29.1708,2051.96,24.45
260,27.9594,1971.09,24.28
261,28.8917,2008.69,23.62
262,26.657,2150.76,23.54
263,28.7923,1987.25,22.61
264,29.7979,2057.89,23.08
265,29.39,1942.74,22.36
266,32.0559,1978.9,23.21
267,29.9165,2083.4,23.13
268,30.947,1935.78,23.63
269,31.5535,2078.49,25.1
270,32.653,2008.65,25.55
271,30.3002,1928.98,25.82
272,32.2296,1997.32,25.45
273,31.0688,2014.5,26.26
274,29.9648,1990.34,27.34
275,30.7579,1855.83,27.0
276,30.1592,1903.55,28.16
277,29.1316,1929.6,27.13
278,29.3058,1937.39,26.83
279,28.6311,1976.63,26.26
280,28.7918,1947.74,26.07
281,29.0808,1854.79,25.44
282,29.7688,1955.7,25.35
283,27.5609,1967.65,24.96
284,30.4074,1962.88,23.61
285,27.3777,1992.58,22.92
286,29.1286,1976.37,22.35
287,30.0824,1952.64,23.32
288,30.2248,1919.8,22.45
289,29.8901,1823.43,21.99
290,30.5835,1948.12,23.46
291,30.6663,1934.22,24.83
292,30.8275,1937.63,24.0
293,32.1286,1844.48,24.9
294,31.7856,1856.14,25.04
295,30.8946,1984.27,25.47
296,32.0187,1918.96,26.46
297,31.3065,1962.64,26.27
298,31.4003,1924.04,26.87
299,30.8919,1924.88,27.09
300,29.3368,1980.31,26.67
301,29.1636,1894.13,27.43
302,29.8478,1932.1,26.64
303,29.4276,1900.0,26.04
304,28.6842,1903.23,26.27
305,28.645,1912.46,25.07
306,29.5221,1946.21,25.01
307,28.0779,1906.18,24.48
308,29.1386,2012.42,24.54
309,28.7776,1885.72,23.82
310,29.0759,1930.64,23.26
311,30.4908,1918.06,23.48
312,30.6603,2034.0,23.7
313,31.039,1961.84,23.35
314,31.7944,2014.94,23.27
315,31.0775,1867.01,22.93
316,31.8446,1975.4,23.47
317,31.2007,2016.1,24.33
318,31.7593,1971.12,24.7
319,31.3448,2033.67,25.42
320,31.3766,1942.36,26.03
321,31.5368,2061.72,26.68
322,30.0954,2118.93,26.7
323,32.0621,1963.16,27.18
324,29.1952,1962.2,27.03
325,28.6404,2080.22,25.94
326,30.1765,2091.93,26.26
327,29.5727,1969.99,26.34
328,29.2003,1980.42,25.4
329,29.0538,1993.03,25.82
330,28.4902,1933.63,25.77
331,27.8333,1963.57,25.09
332,28.7616,1962.87,23.89
333,28.3976,1981.5,24.33
334,30.0301,2029.95,23.34
335,29.4941,2050.57,22.9
336,29.3396,2134.03,22.69
337,30.1311,1985.59,22.92
338,31.0803,2109.03,23.07
339,30.6097,2041.6,23.67
340,30.6413,2055.92,24.08
341,31.6438,2103.8,24.48
342,31.696,2000.34,25.22
343,31.0433,2095.0,26.11
344,30.9222,2086.36,26.47
345,31.2463,2110.18,25.67
346,29.5915,2102.19,25.46
347,29.2623,2236.31,27.4
348,29.4252,2054.8,26.32
349,29.441,2065.21,26.82
350,29.4987,2063.61,26.15
351,30.1196,2071.52,25.51
352,29.3871,2070.36,26.27
353,28.4232,2183.6,25.9
354,28.4848,2201.05,24.71
355,27.7491,2085.03,23.19
356,28.6862,2072.68,23.73
357,28.7084,2154.14,23.78
358,29.5082,2095.83,22.53
359,28.95,2169.93,23.16
360,30.4155,2147.0,22.99
361,31.6144,2046.61,23.36
362,30.663,2233.0,23.33
363,31.382,2250.36,23.1
364,31.8512,2108.16,24.6
365,31.1279,2123.83,24.4
366,31.6793,2166.27,24.99
367,31.459,2171.05,25.05
368,31.3772,2192.22,25.78
369,30.4423,2274.88,25.97
370,30.7696,2145.05,26.65
371,30.7866,2109.01,27.79
372,31.1609,2075.23,26.31
373,30.3792,2115.05,26.13
374,30.9725,2157.67,27.47
375,28.3255,2267.92,26.31
376,29.3988,2129.61,25.67
377,28.6978,2174.34,26.04
378,30.2518,2160.01,24.7
379,27.9045,2232.22,25.4
380,28.0292,2312.28,24.34
381,28.4598,2128.39,23.34
382,27.5509,2130.29,24.35
383,29.1912,2221.56,22.77
384,29.3927,2198.9,23.37
385,30.5085,2267.71,23.22
386,31.0234,2190.7,23.92
387,32.5616,2132.71,24.37
388,32.0594,2188.14,24.02
389,30.9874,2217.51,24.11
390,30.7813,2198.35,25.23
391,31.8424,2177.53,25.18
392,30.2429,2208.92,27.01
393,32.5258,2212.76,26.48
394,31.6936,2223.08,26.55
395,30.0129,2176.47,27.02
396,28.6295,2124.79,26.33
397,30.6949,2140.76,26.45
398,29.1584,2201.36,27.33
399,29.9296,2076.84,26.09
400,27.4254,2144.74,25.48
401,28.0716,2095.67,25.79
402,28.5042,2117.54,25.59
403,28.5887,2188.97,24.84
404,28.3409,2120.06,24.5
405,29.4376,2107.63,23.21
406,28.3959,2019.41,22.56
407,29.4979,2141.85,23.82
408,30.0962,2131.8,22.84
409,30.7998,2218.78,22.94
410,31.3193,2066.37,23.93
411,30.1609,2093.78,23.86
412,30.0717,2091.33,24.23
413,32.471,2166.71,25.56
414,31.7659,2061.98,24.68
415,30.8501,2080.05,25.98
416,32.54,2095.36,26.03
417,31.1532,2065.63,26.55
418,31.6934,2023.18,27.5
419,30.4422,2057.13,27.19
420,31.6486,2105.42,27.27
421,31.016,1974.92,27.47
422,29.0508,2040.01,26.55
423,29.7166,1985.56,25.99
424,29.2173,2094.82,25.48
425,29.646,1927.3,24.53
426,27.7281,1980.76,26.03
427,29.1,2032.57,23.93
428,29.5477,2099.56,23.89
429,27.5323,1997.42,23.45
430,28.3034,1963.85,23.42
431,27.9804,2105.88,23.48
432,29.7845,1902.05,23.43
433,30.9623,1853.0,22.78
434,31.9519,2007.4,23.18
435,31.1199,1947.03,23.73
436,32.6019,1912.13,23.88
437,30.3448,2012.24,25.29
438,30.1373,1980.81,25.25
439,31.4045,1928.88,25.89
440,31.6063,1882.56,26.33
441,31.0345,2008.49,27.0
442,29.096,1992.05,26.82
443,30.3169,1944.09,26.28
444,28.9564,2057.98,27.2
445,30.1475,1880.24,26.61
446,29.5433,1850.32,26.47
447,28.1874,1897.88,26.71
448,28.2899,1934.34,26.62
449,27.7037,1949.51,25.53
450,28.4499,1918.41,25.15
451,29.3152,1952.14,25.33
452,27.9124,1854.2,24.12
453,29.3426,2014.36,24.89
454,28.8258,1921.4,23.55
455,28.9775,1992.13,22.19
456,29.9144,1944.57,23.38
457,29.56,1950.5,23.26
458,30.3071,1956.53,23.91
459,30.1024,1948.62,23.92
460,32.8708,1959.9,23.93
461,31.4771,2000.83,23.87
462,30.9402,1932.79,24.9
463,31.6201,1963.62,25.09
464,31.2092,1915.95,25.71
465,30.8839,2008.16,26.71
466,31.2413,1881.76,27.57
467,30.9942,2031.15,27.13
468,29.5756,1921.6,26.4
469,29.1511,1839.24,27.15
470,29.03,1934.02,27.33
471,27.0978,1886.87,26.11
472,27.4888,1979.73,25.93
473,29.6446,1891.86,25.52
474,29.816,1906.11,24.61
475,28.3519,1821.53,24.81
476,29.1622,1909.94,23.94
477,29.1883,1793.96,23.8
478,31.7131,1846.82,22.82
479,30.5074,1990.07,22.85
480,29.8977,1994.33,23.36
481,29.6238,1975.57,22.88
482,29.4648,1895.02,24.13
483,31.2234,1953.28,23.39
484,30.694,1959.16,24.11
485,30.3111,1893.22,24.95
486,30.9827,2056.39,24.29
487,30.5837,2022.38,24.64
488,32.6488,1960.14,25.24
489,31.766,1978.77,27.05
490,30.7436,1993.5,26.46
491,31.5722,1862.42,28.21
492,30.0619,1974.1,26.72
493,28.9227,1952.09,27.02
494,30.4685,1937.06,27.5
495,29.3705,1984.5,27.42
496,27.8712,2113.49,27.03
497,28.3988,2048.39,26.12
498,27.7995,1980.03,25.51
499,27.4449,2053.05,24.78
