Policy_Code,Event_ID,Trigger_Hour,Trigger_Reason,Rf_Before_Mean_m_inv,Rf_After_Mean_m_inv,Cleaning_Efficiency,Duration_Hours,Chemical_Cost_KES,Downtime_Cost_KES,Total_Cost_KES
CASE_A,1,720.0,Fixed 720h Maintenance Schedule,273959522749610.62,27395952274961.06,0.9,4.0,4500.0,3400.0,9690.380000000001
CASE_A,2,1440.0,Fixed 720h Maintenance Schedule,282567874315286.75,28256787431528.67,0.9,4.0,4500.0,3400.0,9690.380000000001
CASE_A,3,2160.0,Fixed 720h Maintenance Schedule,282573736461541.25,28257373646154.113,0.9,4.0,4500.0,3400.0,9690.380000000001
CASE_A,4,2880.0,Fixed 720h Maintenance Schedule,282565601311314.7,28256560131131.47,0.9,4.0,4500.0,3400.0,9690.380000000001
CASE_A,5,3600.0,Fixed 720h Maintenance Schedule,282480531779621.75,28248053177962.168,0.9,4.0,4500.0,3400.0,9690.380000000001
CASE_A,6,4320.0,Fixed 720h Maintenance Schedule,282965770135931.7,28296577013593.168,0.9,4.0,4500.0,3400.0,9690.380000000001
CASE_A,7,5040.0,Fixed 720h Maintenance Schedule,282413838477236.44,28241383847723.637,0.9,4.0,4500.0,3400.0,9690.380000000001
CASE_A,8,5760.0,Fixed 720h Maintenance Schedule,282253343993119.06,28225334399311.902,0.9,4.0,4500.0,3400.0,9690.380000000001
CASE_A,9,6480.0,Fixed 720h Maintenance Schedule,282224408185215.8,28222440818521.574,0.9,4.0,4500.0,3400.0,9690.380000000001
CASE_A,10,7200.0,Fixed 720h Maintenance Schedule,282362459015201.94,28236245901520.188,0.9,4.0,4500.0,3400.0,9690.380000000001
CASE_A,11,7920.0,Fixed 720h Maintenance Schedule,282448518348123.56,28244851834812.344,0.9,4.0,4500.0,3400.0,9690.380000000001
CASE_B,1,720.0,Fixed 720h Maintenance Schedule,269300708393079.6,26930070839307.95,0.9,4.0,4500.0,3400.0,9690.380000000001
CASE_B,2,1440.0,Fixed 720h Maintenance Schedule,277853005192363.38,27785300519236.332,0.9,4.0,4500.0,3400.0,9690.380000000001
CASE_B,3,2160.0,Fixed 720h Maintenance Schedule,277863962291219.34,27786396229121.926,0.9,4.0,4500.0,3400.0,9690.380000000001
CASE_B,4,2880.0,Fixed 720h Maintenance Schedule,277856139617401.97,27785613961740.19,0.9,4.0,4500.0,3400.0,9690.380000000001
CASE_B,5,3600.0,Fixed 720h Maintenance Schedule,277772299109710.6,27777229910971.05,0.9,4.0,4500.0,3400.0,9690.380000000001
CASE_B,6,4320.0,Fixed 720h Maintenance Schedule,278250527293588.72,27825052729358.86,0.9,4.0,4500.0,3400.0,9690.380000000001
CASE_B,7,5040.0,Fixed 720h Maintenance Schedule,277706690789052.16,27770669078905.215,0.9,4.0,4500.0,3400.0,9690.380000000001
CASE_B,8,5760.0,Fixed 720h Maintenance Schedule,277548337244688.75,27754833724468.87,0.9,4.0,4500.0,3400.0,9690.380000000001
CASE_B,9,6480.0,Fixed 720h Maintenance Schedule,277519762786587.38,27751976278658.73,0.9,4.0,4500.0,3400.0,9690.380000000001
CASE_B,10,7200.0,Fixed 720h Maintenance Schedule,277655813142645.12,27765581314264.504,0.9,4.0,4500.0,3400.0,9690.380000000001
CASE_B,11,7920.0,Fixed 720h Maintenance Schedule,277740677706321.4,27774067770632.137,0.9,4.0,4500.0,3400.0,9690.380000000001
CASE_C,1,29.0,Reactive 15% Analysis Threshold Crossed,21262802402377.42,2126280240237.7415,0.9,4.0,4500.0,3400.0,9690.380000000001
CASE_C,2,59.0,Reactive 15% Analysis Threshold Crossed,20999610667610.465,2099961066761.046,0.9,4.0,4500.0,3400.0,9690.380000000001
CASE_C,3,89.0,Reactive 15% Analysis Threshold Crossed,21018276939153.34,2101827693915.3337,0.9,4.0,4500.0,3400.0,9690.380000000001
CASE_C,4,120.0,Reactive 15% Analysis Threshold Crossed,21653768369418.59,2165376836941.8586,0.9,4.0,4500.0,3400.0,9690.380000000001
CASE_C,5,150.0,Reactive 15% Analysis Threshold Crossed,21111388556473.43,2111138855647.3428,0.9,4.0,4500.0,3400.0,9690.380000000001
CASE_C,6,180.0,Reactive 15% Analysis Threshold Crossed,21226455317757.938,2122645531775.7937,0.9,4.0,4500.0,3400.0,9690.380000000001
CASE_C,7,210.0,Reactive 15% Analysis Threshold Crossed,21049799989505.14,2104979998950.5137,0.9,4.0,4500.0,3400.0,9690.380000000001
CASE_C,8,240.0,Reactive 15% Analysis Threshold Crossed,20986641319483.83,2098664131948.3826,0.9,4.0,4500.0,3400.0,9690.380000000001
CASE_C,9,270.0,Reactive 15% Analysis Threshold Crossed,21016830209902.99,2101683020990.298,0.9,4.0,4500.0,3400.0,9690.380000000001
CASE_C,10,300.0,Reactive 15% Analysis Threshold Crossed,21106205102980.152,2110620510298.0146,0.9,4.0,4500.0,3400.0,9690.380000000001
CASE_C,11,330.0,Reactive 15% Analysis Threshold Crossed,21142905222185.176,2114290522218.5166,0.9,4.0,4500.0,3400.0,9690.380000000001
CASE_C,12,361.0,Reactive 15% Analysis Threshold Crossed,21630714395232.74,2163071439523.2737,0.9,4.0,4500.0,3400.0,9690.380000000001
CASE_C,13,391.0,Reactive 15% Analysis Threshold Crossed,21216303830613.9,2121630383061.3894,0.9,4.0,4500.0,3400.0,9690.380000000001
CASE_C,14,421.0,Reactive 15% Analysis Threshold Crossed,21099212360450.03,2109921236045.0027,0.9,4.0,4500.0,3400.0,9690.380000000001
CASE_C,15,452.0,Reactive 15% Analysis Threshold Crossed,21519839710326.465,2151983971032.6458,0.9,4.0,4500.0,3400.0,9690.380000000001
CASE_C,16,482.0,Reactive 15% Analysis Threshold Crossed,21118108343114.285,2111810834311.4287,0.9,4.0,4500.0,3400.0,9690.380000000001
CASE_C,17,512.0,Reactive 15% Analysis Threshold Crossed,21100128538271.953,2110012853827.1946,0.9,4.0,4500.0,3400.0,9690.380000000001
CASE_C,18,543.0,Reactive 15% Analysis Threshold Crossed,21537293675272.094,2153729367527.209,0.9,4.0,4500.0,3400.0,9690.380000000001
CASE_C,19,573.0,Reactive 15% Analysis Threshold Crossed,21032592111435.03,2103259211143.5027,0.9,4.0,4500.0,3400.0,9690.380000000001
CASE_C,20,603.0,Reactive 15% Analysis Threshold Crossed,21119488537656.816,2111948853765.6816,0.9,4.0,4500.0,3400.0,9690.380000000001
CASE_C,21,633.0,Reactive 15% Analysis Threshold Crossed,21224353422377.33,2122435342237.7322,0.9,4.0,4500.0,3400.0,9690.380000000001
CASE_C,22,663.0,Reactive 15% Analysis Threshold Crossed,20987925308893.57,2098792530889.3564,0.9,4.0,4500.0,3400.0,9690.380000000001
CASE_C,23,694.0,Reactive 15% Analysis Threshold Crossed,21614065702936.785,2161406570293.6777,0.9,4.0,4500.0,3400.0,9690.380000000001
CASE_C,24,724.0,Reactive 15% Analysis Threshold Crossed,21084761054605.55,2108476105460.5544,0.9,4.0,4500.0,3400.0,9690.380000000001
CASE_C,25,754.0,Reactive 15% Analysis Threshold Crossed,20981479303382.168,2098147930338.2158,0.9,4.0,4500.0,3400.0,9690.380000000001
CASE_C,26,784.0,Reactive 15% Analysis Threshold Crossed,21097813434404.51,2109781343440.451,0.9,4.0,4500.0,3400.0,9690.380000000001
CASE_C,27,815.0,Reactive 15% Analysis Threshold Crossed,21658291273816.344,2165829127381.6338,0.9,4.0,4500.0,3400.0,9690.380000000001
CASE_C,28,845.0,Reactive 15% Analysis Threshold Crossed,21203301840426.867,2120330184042.6863,0.9,4.0,4500.0,3400.0,9690.380000000001
CASE_C,29,875.0,Reactive 15% Analysis Threshold Crossed,21111747758788.19,2111174775878.8186,0.9,4.0,4500.0,3400.0,9690.380000000001
CASE_C,30,905.0,Reactive 15% Analysis Threshold Crossed,21281700906825.05,2128170090682.5046,0.9,4.0,4500.0,3400.0,9690.380000000001
CASE_C,31,935.0,Reactive 15% Analysis Threshold Crossed,21083821530271.707,2108382153027.17,0.9,4.0,4500.0,3400.0,9690.380000000001
CASE_C,32,965.0,Reactive 15% Analysis Threshold Crossed,21180515793031.52,2118051579303.1516,0.9,4.0,4500.0,3400.0,9690.380000000001
CASE_C,33,996.0,Reactive 15% Analysis Threshold Crossed,21591937151322.176,2159193715132.2168,0.9,4.0,4500.0,3400.0,9690.380000000001
CASE_C,34,1026.0,Reactive 15% Analysis Threshold Crossed,21264983938198.62,2126498393819.862,0.9,4.0,4500.0,3400.0,9690.380000000001
CASE_C,35,1056.0,Reactive 15% Analysis Threshold Crossed,21093749951722.05,2109374995172.205,0.9,4.0,4500.0,3400.0,9690.380000000001
CASE_C,36,1086.0,Reactive 15% Analysis Threshold Crossed,21068195460637.934,2106819546063.793,0.9,4.0,4500.0,3400.0,9690.380000000001
CASE_C,37,1116.0,Reactive 15% Analysis Threshold Crossed,21138004274248.74,2113800427424.8733,0.9,4.0,4500.0,3400.0,9690.380000000001
CASE_C,38,1146.0,Reactive 15% Analysis Threshold Crossed,21132744040054.707,2113274404005.4705,0.9,4.0,4500.0,3400.0,9690.380000000001
CASE_C,39,1176.0,Reactive 15% Analysis Threshold Crossed,21090033903021.938,2109003390302.193,0.9,4.0,4500.0,3400.0,9690.380000000001
CASE_C,40,1206.0,Reactive 15% Analysis Threshold Crossed,21096905722882.2,2109690572288.2195,0.9,4.0,4500.0,3400.0,9690.380000000001
CASE_C,41,1236.0,Reactive 15% Analysis Threshold Crossed,21156617006763.824,2115661700676.3818,0.9,4.0,4500.0,3400.0,9690.380000000001
CASE_C,42,1267.0,Reactive 15% Analysis Threshold Crossed,21522572196836.824,2152257219683.6816,0.9,4.0,4500.0,3400.0,9690.380000000001
CASE_C,43,1297.0,Reactive 15% Analysis Threshold Crossed,21127740263091.355,2112774026309.135,0.9,4.0,4500.0,3400.0,9690.380000000001
CASE_C,44,1327.0,Reactive 15% Analysis Threshold Crossed,21096522007170.582,2109652200717.0579,0.9,4.0,4500.0,3400.0,9690.380000000001
CASE_C,45,1358.0,Reactive 15% Analysis Threshold Crossed,21623261291420.105,2162326129142.0098,0.9,4.0,4500.0,3400.0,9690.380000000001
CASE_C,46,1388.0,Reactive 15% Analysis Threshold Crossed,21118785200568.074,2111878520056.807,0.9,4.0,4500.0,3400.0,9690.380000000001
CASE_C,47,1418.0,Reactive 15% Analysis Threshold Crossed,21178233398995.113,2117823339899.5107,0.9,4.0,4500.0,3400.0,9690.380000000001
CASE_C,48,1448.0,Reactive 15% Analysis Threshold Crossed,21140049376769.117,2114004937676.9111,0.9,4.0,4500.0,3400.0,9690.380000000001
CASE_C,49,1478.0,Reactive 15% Analysis Threshold Crossed,21122845225332.613,2112284522533.2607,0.9,4.0,4500.0,3400.0,9690.380000000001
CASE_C,50,1508.0,Reactive 15% Analysis Threshold Crossed,21158932759399.254,2115893275939.9246,0.9,4.0,4500.0,3400.0,9690.380000000001
CASE_C,51,1538.0,Reactive 15% Analysis Threshold Crossed,21061256570098.703,2106125657009.8699,0.9,4.0,4500.0,3400.0,9690.380000000001
CASE_C,52,1568.0,Reactive 15% Analysis Threshold Crossed,21124472079651.74,2112447207965.173,0.9,4.0,4500.0,3400.0,9690.380000000001
CASE_C,53,1599.0,Reactive 15% Analysis Threshold Crossed,21607207986243.207,2160720798624.32,0.9,4.0,4500.0,3400.0,9690.380000000001
CASE_C,54,1629.0,Reactive 15% Analysis Threshold Crossed,21115618223302.582,2111561822330.2578,0.9,4.0,4500.0,3400.0,9690.380000000001
CASE_C,55,1659.0,Reactive 15% Analysis Threshold Crossed,21219018716762.285,2121901871676.2278,0.9,4.0,4500.0,3400.0,9690.380000000001
CASE_C,56,1689.0,Reactive 15% Analysis Threshold Crossed,21178746978704.152,2117874697870.4148,0.9,4.0,4500.0,3400.0,9690.380000000001
CASE_C,57,1719.0,Reactive 15% Analysis Threshold Crossed,21108191314447.223,2110819131444.722,0.9,4.0,4500.0,3400.0,9690.380000000001
CASE_C,58,1749.0,Reactive 15% Analysis Threshold Crossed,21061806173571.67,2106180617357.1667,0.9,4.0,4500.0,3400.0,9690.380000000001
CASE_C,59,1779.0,Reactive 15% Analysis Threshold Crossed,21153293689627.844,2115329368962.784,0.9,4.0,4500.0,3400.0,9690.380000000001
CASE_C,60,1809.0,Reactive 15% Analysis Threshold Crossed,21001517521989.05,2100151752198.905,0.9,4.0,4500.0,3400.0,9690.380000000001
CASE_C,61,1840.0,Reactive 15% Analysis Threshold Crossed,21601876860439.168,2160187686043.9167,0.9,4.0,4500.0,3400.0,9690.380000000001
CASE_C,62,1870.0,Reactive 15% Analysis Threshold Crossed,21110040984470.832,2111004098447.0823,0.9,4.0,4500.0,3400.0,9690.380000000001
CASE_C,63,1900.0,Reactive 15% Analysis Threshold Crossed,21106041934403.95,2110604193440.3948,0.9,4.0,4500.0,3400.0,9690.380000000001
CASE_C,64,1930.0,Reactive 15% Analysis Threshold Crossed,21043651299503.73,2104365129950.3728,0.9,4.0,4500.0,3400.0,9690.380000000001
CASE_C,65,1960.0,Reactive 15% Analysis Threshold Crossed,21105480485225.645,2110548048522.5637,0.9,4.0,4500.0,3400.0,9690.380000000001
CASE_C,66,1990.0,Reactive 15% Analysis Threshold Crossed,21023445085210.91,2102344508521.0906,0.9,4.0,4500.0,3400.0,9690.380000000001
CASE_C,67,2021.0,Reactive 15% Analysis Threshold Crossed,21620584556777.145,2162058455677.7139,0.9,4.0,4500.0,3400.0,9690.380000000001
CASE_C,68,2051.0,Reactive 15% Analysis Threshold Crossed,21229791211065.38,2122979121106.5378,0.9,4.0,4500.0,3400.0,9690.380000000001
CASE_C,69,2081.0,Reactive 15% Analysis Threshold Crossed,21067826577260.59,2106782657726.0583,0.9,4.0,4500.0,3400.0,9690.380000000001
CASE_C,70,2111.0,Reactive 15% Analysis Threshold Crossed,20983487117753.08,2098348711775.3074,0.9,4.0,4500.0,3400.0,9690.380000000001
CASE_C,71,2141.0,Reactive 15% Analysis Threshold Crossed,21099061976258.594,2109906197625.8591,0.9,4.0,4500.0,3400.0,9690.380000000001
CASE_C,72,2171.0,Reactive 15% Analysis Threshold Crossed,21070063110066.645,2107006311006.664,0.9,4.0,4500.0,3400.0,9690.380000000001
CASE_C,73,2201.0,Reactive 15% Analysis Threshold Crossed,21035923231986.81,2103592323198.6807,0.9,4.0,4500.0,3400.0,9690.380000000001
CASE_C,74,2231.0,Reactive 15% Analysis Threshold Crossed,21048328490743.406,2104832849074.34,0.9,4.0,4500.0,3400.0,9690.380000000001
CASE_C,75,2261.0,Reactive 15% Analysis Threshold Crossed,21080421840322.363,2108042184032.2356,0.9,4.0,4500.0,3400.0,9690.380000000001
CASE_C,76,2291.0,Reactive 15% Analysis Threshold Crossed,21049299175746.49,2104929917574.6482,0.9,4.0,4500.0,3400.0,9690.380000000001
CASE_C,77,2321.0,Reactive 15% Analysis Threshold Crossed,21186123577302.832,2118612357730.283,0.9,4.0,4500.0,3400.0,9690.380000000001
CASE_C,78,2351.0,Reactive 15% Analysis Threshold Crossed,21015420882164.582,2101542088216.458,0.9,4.0,4500.0,3400.0,9690.380000000001
CASE_C,79,2381.0,Reactive 15% Analysis Threshold Crossed,20994899321923.676,2099489932192.3674,0.9,4.0,4500.0,3400.0,9690.380000000001
CASE_C,80,2412.0,Reactive 15% Analysis Threshold Crossed,21680163449192.07,2168016344919.207,0.9,4.0,4500.0,3400.0,9690.380000000001
CASE_C,81,2442.0,Reactive 15% Analysis Threshold Crossed,21095946320307.535,2109594632030.7532,0.9,4.0,4500.0,3400.0,9690.380000000001
CASE_C,82,2472.0,Reactive 15% Analysis Threshold Crossed,21094628510282.668,2109462851028.2664,0.9,4.0,4500.0,3400.0,9690.380000000001
CASE_C,83,2502.0,Reactive 15% Analysis Threshold Crossed,21163732352005.36,2116373235200.5354,0.9,4.0,4500.0,3400.0,9690.380000000001
CASE_C,84,2532.0,Reactive 15% Analysis Threshold Crossed,21189981798097.656,2118998179809.765,0.9,4.0,4500.0,3400.0,9690.380000000001
CASE_C,85,2563.0,Reactive 15% Analysis Threshold Crossed,21593938293608.57,2159393829360.8564,0.9,4.0,4500.0,3400.0,9690.380000000001
CASE_C,86,2593.0,Reactive 15% Analysis Threshold Crossed,21198603523449.723,2119860352344.972,0.9,4.0,4500.0,3400.0,9690.380000000001
CASE_C,87,2623.0,Reactive 15% Analysis Threshold Crossed,21122540525099.387,2112254052509.9377,0.9,4.0,4500.0,3400.0,9690.380000000001
CASE_C,88,2653.0,Reactive 15% Analysis Threshold Crossed,21112059147291.938,2111205914729.193,0.9,4.0,4500.0,3400.0,9690.380000000001
CASE_C,89,2684.0,Reactive 15% Analysis Threshold Crossed,21541325749387.145,2154132574938.714,0.9,4.0,4500.0,3400.0,9690.380000000001
CASE_C,90,2714.0,Reactive 15% Analysis Threshold Crossed,21286786988067.18,2128678698806.7175,0.9,4.0,4500.0,3400.0,9690.380000000001
CASE_C,91,2744.0,Reactive 15% Analysis Threshold Crossed,21359366235359.117,2135936623535.9111,0.9,4.0,4500.0,3400.0,9690.380000000001
CASE_C,92,2774.0,Reactive 15% Analysis Threshold Crossed,21054974270160.51,2105497427016.0508,0.9,4.0,4500.0,3400.0,9690.380000000001
CASE_C,93,2805.0,Reactive 15% Analysis Threshold Crossed,21517638955027.152,2151763895502.7148,0.9,4.0,4500.0,3400.0,9690.380000000001
CASE_C,94,2835.0,Reactive 15% Analysis Threshold Crossed,21167716260012.363,2116771626001.236,0.9,4.0,4500.0,3400.0,9690.380000000001
CASE_C,95,2865.0,Reactive 15% Analysis Threshold Crossed,21045298879819.074,2104529887981.907,0.9,4.0,4500.0,3400.0,9690.380000000001
CASE_C,96,2896.0,Reactive 15% Analysis Threshold Crossed,21537391438793.953,2153739143879.3948,0.9,4.0,4500.0,3400.0,9690.380000000001
CASE_C,97,2926.0,Reactive 15% Analysis Threshold Crossed,21074305422514.344,2107430542251.4336,0.9,4.0,4500.0,3400.0,9690.380000000001
CASE_C,98,2956.0,Reactive 15% Analysis Threshold Crossed,21092707709010.184,2109270770901.0178,0.9,4.0,4500.0,3400.0,9690.380000000001
CASE_C,99,2986.0,Reactive 15% Analysis Threshold Crossed,21047943922135.582,2104794392213.5579,0.9,4.0,4500.0,3400.0,9690.380000000001
CASE_C,100,3017.0,Reactive 15% Analysis Threshold Crossed,21567517008543.2,2156751700854.3196,0.9,4.0,4500.0,3400.0,9690.380000000001
CASE_C,101,3048.0,Reactive 15% Analysis Threshold Crossed,21602292706014.49,2160229270601.449,0.9,4.0,4500.0,3400.0,9690.380000000001
CASE_C,102,3078.0,Reactive 15% Analysis Threshold Crossed,21218084047553.695,2121808404755.3691,0.9,4.0,4500.0,3400.0,9690.380000000001
CASE_C,103,3108.0,Reactive 15% Analysis Threshold Crossed,21085413515744.203,2108541351574.4202,0.9,4.0,4500.0,3400.0,9690.380000000001
CASE_C,104,3138.0,Reactive 15% Analysis Threshold Crossed,20980550748760.395,2098055074876.039,0.9,4.0,4500.0,3400.0,9690.380000000001
CASE_C,105,3169.0,Reactive 15% Analysis Threshold Crossed,21479931891408.0,2147993189140.799,0.9,4.0,4500.0,3400.0,9690.380000000001
CASE_C,106,3199.0,Reactive 15% Analysis Threshold Crossed,21124837054543.375,2112483705454.337,0.9,4.0,4500.0,3400.0,9690.380000000001
CASE_C,107,3229.0,Reactive 15% Analysis Threshold Crossed,21185470720127.887,2118547072012.788,0.9,4.0,4500.0,3400.0,9690.380000000001
CASE_C,108,3259.0,Reactive 15% Analysis Threshold Crossed,21088341838560.16,2108834183856.0156,0.9,4.0,4500.0,3400.0,9690.380000000001
CASE_C,109,3289.0,Reactive 15% Analysis Threshold Crossed,21094710990621.484,2109471099062.1477,0.9,4.0,4500.0,3400.0,9690.380000000001
CASE_C,110,3319.0,Reactive 15% Analysis Threshold Crossed,21165389218220.082,2116538921822.0076,0.9,4.0,4500.0,3400.0,9690.380000000001
CASE_C,111,3349.0,Reactive 15% Analysis Threshold Crossed,21186250939813.117,2118625093981.3113,0.9,4.0,4500.0,3400.0,9690.380000000001
CASE_C,112,3380.0,Reactive 15% Analysis Threshold Crossed,21455078641662.934,2145507864166.2922,0.9,4.0,4500.0,3400.0,9690.380000000001
CASE_C,113,3410.0,Reactive 15% Analysis Threshold Crossed,21170434227882.996,2117043422788.2996,0.9,4.0,4500.0,3400.0,9690.380000000001
CASE_C,114,3440.0,Reactive 15% Analysis Threshold Crossed,21211773284704.49,2121177328470.4482,0.9,4.0,4500.0,3400.0,9690.380000000001
CASE_C,115,3470.0,Reactive 15% Analysis Threshold Crossed,20992605143733.605,2099260514373.3594,0.9,4.0,4500.0,3400.0,9690.380000000001
CASE_C,116,3501.0,Reactive 15% Analysis Threshold Crossed,21577600198798.504,2157760019879.8496,0.9,4.0,4500.0,3400.0,9690.380000000001
CASE_C,117,3531.0,Reactive 15% Analysis Threshold Crossed,21048380079349.707,2104838007934.9707,0.9,4.0,4500.0,3400.0,9690.380000000001
CASE_C,118,3561.0,Reactive 15% Analysis Threshold Crossed,21181220992127.395,2118122099212.739,0.9,4.0,4500.0,3400.0,9690.380000000001
CASE_C,119,3591.0,Reactive 15% Analysis Threshold Crossed,21084584569056.105,2108458456905.61,0.9,4.0,4500.0,3400.0,9690.380000000001
CASE_C,120,3621.0,Reactive 15% Analysis Threshold Crossed,21015377866172.562,2101537786617.2556,0.9,4.0,4500.0,3400.0,9690.380000000001
CASE_C,121,3651.0,Reactive 15% Analysis Threshold Crossed,20995425065502.406,2099542506550.24,0.9,4.0,4500.0,3400.0,9690.380000000001
CASE_C,122,3681.0,Reactive 15% Analysis Threshold Crossed,21162187246831.676,2116218724683.1677,0.9,4.0,4500.0,3400.0,9690.380000000001
CASE_C,123,3711.0,Reactive 15% Analysis Threshold Crossed,21184194806035.074,2118419480603.5068,0.9,4.0,4500.0,3400.0,9690.380000000001
CASE_C,124,3742.0,Reactive 15% Analysis Threshold Crossed,21625600321061.26,2162560032106.1257,0.9,4.0,4500.0,3400.0,9690.380000000001
CASE_C,125,3772.0,Reactive 15% Analysis Threshold Crossed,21132750499990.527,2113275049999.0525,0.9,4.0,4500.0,3400.0,9690.380000000001
CASE_C,126,3802.0,Reactive 15% Analysis Threshold Crossed,21090442989372.18,2109044298937.2175,0.9,4.0,4500.0,3400.0,9690.380000000001
CASE_C,127,3830.0,Reactive 15% Analysis Threshold Crossed,21431219455497.19,2143121945549.7188,0.9,4.0,4500.0,3400.0,9690.380000000001
CASE_C,128,3861.0,Reactive 15% Analysis Threshold Crossed,21591891289257.91,2159189128925.7903,0.9,4.0,4500.0,3400.0,9690.380000000001
CASE_C,129,3891.0,Reactive 15% Analysis Threshold Crossed,21047145680076.324,2104714568007.632,0.9,4.0,4500.0,3400.0,9690.380000000001
CASE_C,130,3921.0,Reactive 15% Analysis Threshold Crossed,21210094250323.95,2121009425032.3943,0.9,4.0,4500.0,3400.0,9690.380000000001
CASE_C,131,3951.0,Reactive 15% Analysis Threshold Crossed,21074519502894.152,2107451950289.4148,0.9,4.0,4500.0,3400.0,9690.380000000001
CASE_C,132,3981.0,Reactive 15% Analysis Threshold Crossed,21097543789548.082,2109754378954.8079,0.9,4.0,4500.0,3400.0,9690.380000000001
CASE_C,133,4012.0,Reactive 15% Analysis Threshold Crossed,21551679866811.234,2155167986681.1228,0.9,4.0,4500.0,3400.0,9690.380000000001
CASE_C,134,4042.0,Reactive 15% Analysis Threshold Crossed,21067158878697.918,2106715887869.7913,0.9,4.0,4500.0,3400.0,9690.380000000001
CASE_C,135,4072.0,Reactive 15% Analysis Threshold Crossed,21092331009047.625,2109233100904.7617,0.9,4.0,4500.0,3400.0,9690.380000000001
CASE_C,136,4103.0,Reactive 15% Analysis Threshold Crossed,21640295821315.94,2164029582131.5935,0.9,4.0,4500.0,3400.0,9690.380000000001
CASE_C,137,4133.0,Reactive 15% Analysis Threshold Crossed,21182149062552.273,2118214906255.2268,0.9,4.0,4500.0,3400.0,9690.380000000001
CASE_C,138,4163.0,Reactive 15% Analysis Threshold Crossed,21115971112732.727,2111597111273.2722,0.9,4.0,4500.0,3400.0,9690.380000000001
CASE_C,139,4193.0,Reactive 15% Analysis Threshold Crossed,21003418034763.465,2100341803476.346,0.9,4.0,4500.0,3400.0,9690.380000000001
CASE_C,140,4224.0,Reactive 15% Analysis Threshold Crossed,21427758843882.953,2142775884388.2952,0.9,4.0,4500.0,3400.0,9690.380000000001
CASE_C,141,4254.0,Reactive 15% Analysis Threshold Crossed,21150926648860.8,2115092664886.0793,0.9,4.0,4500.0,3400.0,9690.380000000001
CASE_C,142,4284.0,Reactive 15% Analysis Threshold Crossed,20989408321993.8,2098940832199.38,0.9,4.0,4500.0,3400.0,9690.380000000001
CASE_C,143,4315.0,Reactive 15% Analysis Threshold Crossed,21454526780241.44,2145452678024.1433,0.9,4.0,4500.0,3400.0,9690.380000000001
CASE_C,144,4345.0,Reactive 15% Analysis Threshold Crossed,21104938232508.97,2110493823250.8962,0.9,4.0,4500.0,3400.0,9690.380000000001
CASE_C,145,4375.0,Reactive 15% Analysis Threshold Crossed,21065141506913.926,2106514150691.3918,0.9,4.0,4500.0,3400.0,9690.380000000001
CASE_C,146,4405.0,Reactive 15% Analysis Threshold Crossed,21026585480148.87,2102658548014.8867,0.9,4.0,4500.0,3400.0,9690.380000000001
CASE_C,147,4436.0,Reactive 15% Analysis Threshold Crossed,21414568556405.723,2141456855640.5715,0.9,4.0,4500.0,3400.0,9690.380000000001
CASE_C,148,4466.0,Reactive 15% Analysis Threshold Crossed,21096514289199.62,2109651428919.9617,0.9,4.0,4500.0,3400.0,9690.380000000001
CASE_C,149,4496.0,Reactive 15% Analysis Threshold Crossed,21182342469894.195,2118234246989.4187,0.9,4.0,4500.0,3400.0,9690.380000000001
CASE_C,150,4526.0,Reactive 15% Analysis Threshold Crossed,21055084786549.938,2105508478654.9932,0.9,4.0,4500.0,3400.0,9690.380000000001
CASE_C,151,4556.0,Reactive 15% Analysis Threshold Crossed,21025699120253.863,2102569912025.386,0.9,4.0,4500.0,3400.0,9690.380000000001
CASE_C,152,4586.0,Reactive 15% Analysis Threshold Crossed,21081463295803.605,2108146329580.36,0.9,4.0,4500.0,3400.0,9690.380000000001
CASE_C,153,4616.0,Reactive 15% Analysis Threshold Crossed,21150292136873.246,2115029213687.3242,0.9,4.0,4500.0,3400.0,9690.380000000001
CASE_C,154,4646.0,Reactive 15% Analysis Threshold Crossed,20996299732709.637,2099629973270.963,0.9,4.0,4500.0,3400.0,9690.380000000001
CASE_C,155,4676.0,Reactive 15% Analysis Threshold Crossed,20998896498933.723,2099889649893.3718,0.9,4.0,4500.0,3400.0,9690.380000000001
CASE_C,156,4706.0,Reactive 15% Analysis Threshold Crossed,21012048546924.598,2101204854692.4592,0.9,4.0,4500.0,3400.0,9690.380000000001
CASE_C,157,4736.0,Reactive 15% Analysis Threshold Crossed,21182076452511.785,2118207645251.1777,0.9,4.0,4500.0,3400.0,9690.380000000001
CASE_C,158,4766.0,Reactive 15% Analysis Threshold Crossed,21058837769473.082,2105883776947.3076,0.9,4.0,4500.0,3400.0,9690.380000000001
CASE_C,159,4797.0,Reactive 15% Analysis Threshold Crossed,21480204129633.492,2148020412963.3489,0.9,4.0,4500.0,3400.0,9690.380000000001
CASE_C,160,4827.0,Reactive 15% Analysis Threshold Crossed,21028010996448.363,2102801099644.8357,0.9,4.0,4500.0,3400.0,9690.380000000001
CASE_C,161,4857.0,Reactive 15% Analysis Threshold Crossed,21132102763083.035,2113210276308.3035,0.9,4.0,4500.0,3400.0,9690.380000000001
CASE_C,162,4887.0,Reactive 15% Analysis Threshold Crossed,20986032519247.363,2098603251924.7354,0.9,4.0,4500.0,3400.0,9690.380000000001
CASE_C,163,4918.0,Reactive 15% Analysis Threshold Crossed,21513762689792.55,2151376268979.255,0.9,4.0,4500.0,3400.0,9690.380000000001
CASE_C,164,4948.0,Reactive 15% Analysis Threshold Crossed,21185955954652.375,2118595595465.2366,0.9,4.0,4500.0,3400.0,9690.380000000001
CASE_C,165,4978.0,Reactive 15% Analysis Threshold Crossed,21080772556038.836,2108077255603.883,0.9,4.0,4500.0,3400.0,9690.380000000001
CASE_C,166,5008.0,Reactive 15% Analysis Threshold Crossed,21096474640952.49,2109647464095.2483,0.9,4.0,4500.0,3400.0,9690.380000000001
CASE_C,167,5038.0,Reactive 15% Analysis Threshold Crossed,21069794738748.6,2106979473874.8594,0.9,4.0,4500.0,3400.0,9690.380000000001
CASE_C,168,5068.0,Reactive 15% Analysis Threshold Crossed,21088849211752.785,2108884921175.2783,0.9,4.0,4500.0,3400.0,9690.380000000001
CASE_C,169,5098.0,Reactive 15% Analysis Threshold Crossed,21114785368603.637,2111478536860.3633,0.9,4.0,4500.0,3400.0,9690.380000000001
CASE_C,170,5129.0,Reactive 15% Analysis Threshold Crossed,21622672888266.51,2162267288826.6504,0.9,4.0,4500.0,3400.0,9690.380000000001
CASE_C,171,5159.0,Reactive 15% Analysis Threshold Crossed,21137211402062.594,2113721140206.2588,0.9,4.0,4500.0,3400.0,9690.380000000001
CASE_C,172,5189.0,Reactive 15% Analysis Threshold Crossed,20996821585351.336,2099682158535.1328,0.9,4.0,4500.0,3400.0,9690.380000000001
CASE_C,173,5219.0,Reactive 15% Analysis Threshold Crossed,21087699370581.37,2108769937058.1367,0.9,4.0,4500.0,3400.0,9690.380000000001
CASE_C,174,5249.0,Reactive 15% Analysis Threshold Crossed,21118748291501.06,2111874829150.1047,0.9,4.0,4500.0,3400.0,9690.380000000001
CASE_C,175,5280.0,Reactive 15% Analysis Threshold Crossed,21636637034457.77,2163663703445.7766,0.9,4.0,4500.0,3400.0,9690.380000000001
CASE_C,176,5310.0,Reactive 15% Analysis Threshold Crossed,21233224058429.08,2123322405842.907,0.9,4.0,4500.0,3400.0,9690.380000000001
CASE_C,177,5340.0,Reactive 15% Analysis Threshold Crossed,20999543233053.574,2099954323305.3572,0.9,4.0,4500.0,3400.0,9690.380000000001
CASE_C,178,5371.0,Reactive 15% Analysis Threshold Crossed,21503830454693.832,2150383045469.3828,0.9,4.0,4500.0,3400.0,9690.380000000001
CASE_C,179,5401.0,Reactive 15% Analysis Threshold Crossed,20989575125787.633,2098957512578.7627,0.9,4.0,4500.0,3400.0,9690.380000000001
CASE_C,180,5431.0,Reactive 15% Analysis Threshold Crossed,20986426386273.598,2098642638627.3594,0.9,4.0,4500.0,3400.0,9690.380000000001
CASE_C,181,5461.0,Reactive 15% Analysis Threshold Crossed,21022253630270.902,2102225363027.0896,0.9,4.0,4500.0,3400.0,9690.380000000001
CASE_C,182,5491.0,Reactive 15% Analysis Threshold Crossed,21034636134250.375,2103463613425.037,0.9,4.0,4500.0,3400.0,9690.380000000001
CASE_C,183,5522.0,Reactive 15% Analysis Threshold Crossed,21581340273869.625,2158134027386.962,0.9,4.0,4500.0,3400.0,9690.380000000001
CASE_C,184,5552.0,Reactive 15% Analysis Threshold Crossed,21316700473535.332,2131670047353.533,0.9,4.0,4500.0,3400.0,9690.380000000001
CASE_C,185,5582.0,Reactive 15% Analysis Threshold Crossed,21053623975762.6,2105362397576.2595,0.9,4.0,4500.0,3400.0,9690.380000000001
CASE_C,186,5612.0,Reactive 15% Analysis Threshold Crossed,20999156680690.934,2099915668069.093,0.9,4.0,4500.0,3400.0,9690.380000000001
CASE_C,187,5642.0,Reactive 15% Analysis Threshold Crossed,21074972549774.637,2107497254977.4636,0.9,4.0,4500.0,3400.0,9690.380000000001
CASE_C,188,5672.0,Reactive 15% Analysis Threshold Crossed,21177704695240.8,2117770469524.0793,0.9,4.0,4500.0,3400.0,9690.380000000001
CASE_C,189,5703.0,Reactive 15% Analysis Threshold Crossed,21626036842859.633,2162603684285.9626,0.9,4.0,4500.0,3400.0,9690.380000000001
CASE_C,190,5733.0,Reactive 15% Analysis Threshold Crossed,20985874406156.504,2098587440615.6501,0.9,4.0,4500.0,3400.0,9690.380000000001
CASE_C,191,5764.0,Reactive 15% Analysis Threshold Crossed,21631609307076.51,2163160930707.6506,0.9,4.0,4500.0,3400.0,9690.380000000001
CASE_C,192,5794.0,Reactive 15% Analysis Threshold Crossed,21106130370942.438,2110613037094.2434,0.9,4.0,4500.0,3400.0,9690.380000000001
CASE_C,193,5824.0,Reactive 15% Analysis Threshold Crossed,21025497798850.39,2102549779885.0383,0.9,4.0,4500.0,3400.0,9690.380000000001
CASE_C,194,5855.0,Reactive 15% Analysis Threshold Crossed,21516861073951.58,2151686107395.1575,0.9,4.0,4500.0,3400.0,9690.380000000001
CASE_C,195,5886.0,Reactive 15% Analysis Threshold Crossed,21706915443620.37,2170691544362.0369,0.9,4.0,4500.0,3400.0,9690.380000000001
CASE_C,196,5916.0,Reactive 15% Analysis Threshold Crossed,21044461987951.14,2104446198795.1135,0.9,4.0,4500.0,3400.0,9690.380000000001
CASE_C,197,5946.0,Reactive 15% Analysis Threshold Crossed,21027952147058.223,2102795214705.8215,0.9,4.0,4500.0,3400.0,9690.380000000001
CASE_C,198,5976.0,Reactive 15% Analysis Threshold Crossed,21133401389876.54,2113340138987.6533,0.9,4.0,4500.0,3400.0,9690.380000000001
CASE_C,199,6006.0,Reactive 15% Analysis Threshold Crossed,21140282595991.363,2114028259599.136,0.9,4.0,4500.0,3400.0,9690.380000000001
CASE_C,200,6036.0,Reactive 15% Analysis Threshold Crossed,21086497377220.266,2108649737722.0264,0.9,4.0,4500.0,3400.0,9690.380000000001
CASE_C,201,6066.0,Reactive 15% Analysis Threshold Crossed,21255926197863.676,2125592619786.3672,0.9,4.0,4500.0,3400.0,9690.380000000001
CASE_C,202,6096.0,Reactive 15% Analysis Threshold Crossed,21042894355248.812,2104289435524.8809,0.9,4.0,4500.0,3400.0,9690.380000000001
CASE_C,203,6126.0,Reactive 15% Analysis Threshold Crossed,21087931971293.527,2108793197129.3523,0.9,4.0,4500.0,3400.0,9690.380000000001
CASE_C,204,6156.0,Reactive 15% Analysis Threshold Crossed,21088911153245.59,2108891115324.5579,0.9,4.0,4500.0,3400.0,9690.380000000001
CASE_C,205,6187.0,Reactive 15% Analysis Threshold Crossed,21625038858660.863,2162503885866.0862,0.9,4.0,4500.0,3400.0,9690.380000000001
CASE_C,206,6218.0,Reactive 15% Analysis Threshold Crossed,21616483269670.4,2161648326967.0398,0.9,4.0,4500.0,3400.0,9690.380000000001
CASE_C,207,6248.0,Reactive 15% Analysis Threshold Crossed,21168757449990.598,2116875744999.0593,0.9,4.0,4500.0,3400.0,9690.380000000001
CASE_C,208,6278.0,Reactive 15% Analysis Threshold Crossed,21103208124005.516,2110320812400.551,0.9,4.0,4500.0,3400.0,9690.380000000001
CASE_C,209,6309.0,Reactive 15% Analysis Threshold Crossed,21625338843797.832,2162533884379.7822,0.9,4.0,4500.0,3400.0,9690.380000000001
CASE_C,210,6339.0,Reactive 15% Analysis Threshold Crossed,21239975778915.805,2123997577891.58,0.9,4.0,4500.0,3400.0,9690.380000000001
CASE_C,211,6369.0,Reactive 15% Analysis Threshold Crossed,21067554191096.97,2106755419109.6963,0.9,4.0,4500.0,3400.0,9690.380000000001
CASE_C,212,6399.0,Reactive 15% Analysis Threshold Crossed,21037526823440.47,2103752682344.0466,0.9,4.0,4500.0,3400.0,9690.380000000001
CASE_C,213,6429.0,Reactive 15% Analysis Threshold Crossed,21034112054375.766,2103411205437.5762,0.9,4.0,4500.0,3400.0,9690.380000000001
CASE_C,214,6460.0,Reactive 15% Analysis Threshold Crossed,21551864137131.496,2155186413713.1492,0.9,4.0,4500.0,3400.0,9690.380000000001
CASE_C,215,6490.0,Reactive 15% Analysis Threshold Crossed,21058077652787.145,2105807765278.714,0.9,4.0,4500.0,3400.0,9690.380000000001
CASE_C,216,6520.0,Reactive 15% Analysis Threshold Crossed,21064855750179.03,2106485575017.9033,0.9,4.0,4500.0,3400.0,9690.380000000001
CASE_C,217,6551.0,Reactive 15% Analysis Threshold Crossed,21589087164503.17,2158908716450.3167,0.9,4.0,4500.0,3400.0,9690.380000000001
CASE_C,218,6581.0,Reactive 15% Analysis Threshold Crossed,21247696200954.793,2124769620095.4785,0.9,4.0,4500.0,3400.0,9690.380000000001
CASE_C,219,6611.0,Reactive 15% Analysis Threshold Crossed,21037104951990.746,2103710495199.074,0.9,4.0,4500.0,3400.0,9690.380000000001
CASE_C,220,6642.0,Reactive 15% Analysis Threshold Crossed,21542691727759.42,2154269172775.9417,0.9,4.0,4500.0,3400.0,9690.380000000001
CASE_C,221,6672.0,Reactive 15% Analysis Threshold Crossed,21028058333411.01,2102805833341.1003,0.9,4.0,4500.0,3400.0,9690.380000000001
CASE_C,222,6702.0,Reactive 15% Analysis Threshold Crossed,21024641711592.06,2102464171159.2053,0.9,4.0,4500.0,3400.0,9690.380000000001
CASE_C,223,6732.0,Reactive 15% Analysis Threshold Crossed,21211102047674.055,2121110204767.4053,0.9,4.0,4500.0,3400.0,9690.380000000001
CASE_C,224,6763.0,Reactive 15% Analysis Threshold Crossed,21546168423801.547,2154616842380.1543,0.9,4.0,4500.0,3400.0,9690.380000000001
CASE_C,225,6793.0,Reactive 15% Analysis Threshold Crossed,21090455019269.94,2109045501926.994,0.9,4.0,4500.0,3400.0,9690.380000000001
CASE_C,226,6824.0,Reactive 15% Analysis Threshold Crossed,21671976788382.945,2167197678838.2942,0.9,4.0,4500.0,3400.0,9690.380000000001
CASE_C,227,6854.0,Reactive 15% Analysis Threshold Crossed,21033239828916.348,2103323982891.6345,0.9,4.0,4500.0,3400.0,9690.380000000001
CASE_C,228,6885.0,Reactive 15% Analysis Threshold Crossed,21576944109909.883,2157694410990.9883,0.9,4.0,4500.0,3400.0,9690.380000000001
CASE_C,229,6915.0,Reactive 15% Analysis Threshold Crossed,21071088755827.05,2107108875582.7048,0.9,4.0,4500.0,3400.0,9690.380000000001
CASE_C,230,6945.0,Reactive 15% Analysis Threshold Crossed,21031203378776.504,2103120337877.6497,0.9,4.0,4500.0,3400.0,9690.380000000001
CASE_C,231,6975.0,Reactive 15% Analysis Threshold Crossed,21127340911909.703,2112734091190.9697,0.9,4.0,4500.0,3400.0,9690.380000000001
CASE_C,232,7006.0,Reactive 15% Analysis Threshold Crossed,21646918473087.348,2164691847308.7341,0.9,4.0,4500.0,3400.0,9690.380000000001
CASE_C,233,7036.0,Reactive 15% Analysis Threshold Crossed,21188451289693.008,2118845128969.3005,0.9,4.0,4500.0,3400.0,9690.380000000001
CASE_C,234,7066.0,Reactive 15% Analysis Threshold Crossed,21136628704211.02,2113662870421.1016,0.9,4.0,4500.0,3400.0,9690.380000000001
CASE_C,235,7096.0,Reactive 15% Analysis Threshold Crossed,21051346697464.605,2105134669746.46,0.9,4.0,4500.0,3400.0,9690.380000000001
CASE_C,236,7127.0,Reactive 15% Analysis Threshold Crossed,21556839155252.17,2155683915525.2168,0.9,4.0,4500.0,3400.0,9690.380000000001
CASE_C,237,7157.0,Reactive 15% Analysis Threshold Crossed,21052984193303.51,2105298419330.3506,0.9,4.0,4500.0,3400.0,9690.380000000001
CASE_C,238,7187.0,Reactive 15% Analysis Threshold Crossed,21090236447570.4,2109023644757.0393,0.9,4.0,4500.0,3400.0,9690.380000000001
CASE_C,239,7217.0,Reactive 15% Analysis Threshold Crossed,21053463217907.746,2105346321790.7742,0.9,4.0,4500.0,3400.0,9690.380000000001
CASE_C,240,7247.0,Reactive 15% Analysis Threshold Crossed,20992802929965.38,2099280292996.5378,0.9,4.0,4500.0,3400.0,9690.380000000001
CASE_C,241,7277.0,Reactive 15% Analysis Threshold Crossed,21247027449944.844,2124702744994.4836,0.9,4.0,4500.0,3400.0,9690.380000000001
CASE_C,242,7307.0,Reactive 15% Analysis Threshold Crossed,21043242323417.367,2104324232341.7363,0.9,4.0,4500.0,3400.0,9690.380000000001
CASE_C,243,7337.0,Reactive 15% Analysis Threshold Crossed,21100550140785.48,2110055014078.547,0.9,4.0,4500.0,3400.0,9690.380000000001
CASE_C,244,7367.0,Reactive 15% Analysis Threshold Crossed,21084494379208.004,2108449437920.7998,0.9,4.0,4500.0,3400.0,9690.380000000001
CASE_C,245,7397.0,Reactive 15% Analysis Threshold Crossed,21159246714581.133,2115924671458.1125,0.9,4.0,4500.0,3400.0,9690.380000000001
CASE_C,246,7427.0,Reactive 15% Analysis Threshold Crossed,21099185140218.555,2109918514021.8552,0.9,4.0,4500.0,3400.0,9690.380000000001
CASE_C,247,7457.0,Reactive 15% Analysis Threshold Crossed,20990470811685.29,2099047081168.5283,0.9,4.0,4500.0,3400.0,9690.380000000001
CASE_C,248,7487.0,Reactive 15% Analysis Threshold Crossed,20994567274324.8,2099456727432.4795,0.9,4.0,4500.0,3400.0,9690.380000000001
CASE_C,249,7517.0,Reactive 15% Analysis Threshold Crossed,21070139038316.637,2107013903831.663,0.9,4.0,4500.0,3400.0,9690.380000000001
CASE_C,250,7547.0,Reactive 15% Analysis Threshold Crossed,21013476793972.773,2101347679397.2766,0.9,4.0,4500.0,3400.0,9690.380000000001
CASE_C,251,7578.0,Reactive 15% Analysis Threshold Crossed,21505702447822.832,2150570244782.2825,0.9,4.0,4500.0,3400.0,9690.380000000001
CASE_C,252,7608.0,Reactive 15% Analysis Threshold Crossed,21003234717278.824,2100323471727.8818,0.9,4.0,4500.0,3400.0,9690.380000000001
CASE_C,253,7638.0,Reactive 15% Analysis Threshold Crossed,21158010481634.31,2115801048163.4304,0.9,4.0,4500.0,3400.0,9690.380000000001
CASE_C,254,7668.0,Reactive 15% Analysis Threshold Crossed,21095843911135.17,2109584391113.5168,0.9,4.0,4500.0,3400.0,9690.380000000001
CASE_C,255,7699.0,Reactive 15% Analysis Threshold Crossed,21612149306814.438,2161214930681.4426,0.9,4.0,4500.0,3400.0,9690.380000000001
CASE_C,256,7729.0,Reactive 15% Analysis Threshold Crossed,21067353518908.31,2106735351890.8303,0.9,4.0,4500.0,3400.0,9690.380000000001
CASE_C,257,7759.0,Reactive 15% Analysis Threshold Crossed,21241953944575.457,2124195394457.5457,0.9,4.0,4500.0,3400.0,9690.380000000001
CASE_C,258,7789.0,Reactive 15% Analysis Threshold Crossed,21233181341762.934,2123318134176.293,0.9,4.0,4500.0,3400.0,9690.380000000001
CASE_C,259,7820.0,Reactive 15% Analysis Threshold Crossed,21553963397642.137,2155396339764.2131,0.9,4.0,4500.0,3400.0,9690.380000000001
CASE_C,260,7850.0,Reactive 15% Analysis Threshold Crossed,21138830589199.652,2113883058919.9648,0.9,4.0,4500.0,3400.0,9690.380000000001
CASE_C,261,7880.0,Reactive 15% Analysis Threshold Crossed,21140300455324.8,2114030045532.4797,0.9,4.0,4500.0,3400.0,9690.380000000001
CASE_C,262,7911.0,Reactive 15% Analysis Threshold Crossed,21628102146600.523,2162810214660.052,0.9,4.0,4500.0,3400.0,9690.380000000001
CASE_C,263,7941.0,Reactive 15% Analysis Threshold Crossed,21091195316027.77,2109119531602.7764,0.9,4.0,4500.0,3400.0,9690.380000000001
CASE_C,264,7971.0,Reactive 15% Analysis Threshold Crossed,21222295801807.457,2122229580180.745,0.9,4.0,4500.0,3400.0,9690.380000000001
CASE_D,1,240.0,Predictive Economic Cost-Benefit Optimum,125434569342863.17,12543456934286.314,0.9,4.0,4500.0,3400.0,9690.380000000001
CASE_D,2,480.0,Predictive Economic Cost-Benefit Optimum,130305613639376.2,13030561363937.62,0.9,4.0,4500.0,3400.0,9690.380000000001
CASE_D,3,720.0,Predictive Economic Cost-Benefit Optimum,130350452581629.23,13035045258162.922,0.9,4.0,4500.0,3400.0,9690.380000000001
CASE_D,4,960.0,Predictive Economic Cost-Benefit Optimum,130802329315625.31,13080232931562.525,0.9,4.0,4500.0,3400.0,9690.380000000001
CASE_D,5,1200.0,Predictive Economic Cost-Benefit Optimum,130719045069714.17,13071904506971.414,0.9,4.0,4500.0,3400.0,9690.380000000001
CASE_D,6,1440.0,Predictive Economic Cost-Benefit Optimum,130613230941571.52,13061323094157.15,0.9,4.0,4500.0,3400.0,9690.380000000001
CASE_D,7,1680.0,Predictive Economic Cost-Benefit Optimum,130717549006745.52,13071754900674.547,0.9,4.0,4500.0,3400.0,9690.380000000001
CASE_D,8,1920.0,Predictive Economic Cost-Benefit Optimum,130512626819590.8,13051262681959.072,0.9,4.0,4500.0,3400.0,9690.380000000001
CASE_D,9,2160.0,Predictive Economic Cost-Benefit Optimum,130475578830394.67,13047557883039.463,0.9,4.0,4500.0,3400.0,9690.380000000001
CASE_D,10,2400.0,Predictive Economic Cost-Benefit Optimum,130466456830695.64,13046645683069.562,0.9,4.0,4500.0,3400.0,9690.380000000001
CASE_D,11,2640.0,Predictive Economic Cost-Benefit Optimum,130690976710975.36,13069097671097.533,0.9,4.0,4500.0,3400.0,9690.380000000001
CASE_D,12,2880.0,Predictive Economic Cost-Benefit Optimum,130514115264860.62,13051411526486.06,0.9,4.0,4500.0,3400.0,9690.380000000001
CASE_D,13,3120.0,Predictive Economic Cost-Benefit Optimum,130431367761324.7,13043136776132.467,0.9,4.0,4500.0,3400.0,9690.380000000001
CASE_D,14,3360.0,Predictive Economic Cost-Benefit Optimum,130508267623230.7,13050826762323.068,0.9,4.0,4500.0,3400.0,9690.380000000001
CASE_D,15,3600.0,Predictive Economic Cost-Benefit Optimum,130646996778748.33,13064699677874.828,0.9,4.0,4500.0,3400.0,9690.380000000001
CASE_D,16,3840.0,Predictive Economic Cost-Benefit Optimum,131675031534943.17,13167503153494.312,0.9,4.0,4500.0,3400.0,9690.380000000001
CASE_D,17,4080.0,Predictive Economic Cost-Benefit Optimum,130440739939723.17,13044073993972.312,0.9,4.0,4500.0,3400.0,9690.380000000001
CASE_D,18,4320.0,Predictive Economic Cost-Benefit Optimum,130253267846233.3,13025326784623.326,0.9,4.0,4500.0,3400.0,9690.380000000001
CASE_D,19,4560.0,Predictive Economic Cost-Benefit Optimum,130375573087936.08,13037557308793.604,0.9,4.0,4500.0,3400.0,9690.380000000001
CASE_D,20,4800.0,Predictive Economic Cost-Benefit Optimum,130402788327211.36,13040278832721.135,0.9,4.0,4500.0,3400.0,9690.380000000001
CASE_D,21,5040.0,Predictive Economic Cost-Benefit Optimum,130604831660072.05,13060483166007.203,0.9,4.0,4500.0,3400.0,9690.380000000001
CASE_D,22,5280.0,Predictive Economic Cost-Benefit Optimum,130511681618955.88,13051168161895.584,0.9,4.0,4500.0,3400.0,9690.380000000001
CASE_D,23,5520.0,Predictive Economic Cost-Benefit Optimum,130220185515083.75,13022018551508.37,0.9,4.0,4500.0,3400.0,9690.380000000001
CASE_D,24,5760.0,Predictive Economic Cost-Benefit Optimum,130426405267384.27,13042640526738.422,0.9,4.0,4500.0,3400.0,9690.380000000001
CASE_D,25,6000.0,Predictive Economic Cost-Benefit Optimum,130297715357938.3,13029771535793.828,0.9,4.0,4500.0,3400.0,9690.380000000001
CASE_D,26,6240.0,Predictive Economic Cost-Benefit Optimum,130548571794282.33,13054857179428.229,0.9,4.0,4500.0,3400.0,9690.380000000001
CASE_D,27,6480.0,Predictive Economic Cost-Benefit Optimum,130298060811319.11,13029806081131.906,0.9,4.0,4500.0,3400.0,9690.380000000001
CASE_D,28,6720.0,Predictive Economic Cost-Benefit Optimum,130487519949556.45,13048751994955.643,0.9,4.0,4500.0,3400.0,9690.380000000001
CASE_D,29,6960.0,Predictive Economic Cost-Benefit Optimum,130296742549202.0,13029674254920.195,0.9,4.0,4500.0,3400.0,9690.380000000001
CASE_D,30,7200.0,Predictive Economic Cost-Benefit Optimum,130536449268893.92,13053644926889.389,0.9,4.0,4500.0,3400.0,9690.380000000001
CASE_D,31,7440.0,Predictive Economic Cost-Benefit Optimum,130547193339755.25,13054719333975.521,0.9,4.0,4500.0,3400.0,9690.380000000001
CASE_D,32,7680.0,Predictive Economic Cost-Benefit Optimum,130200424789453.25,13020042478945.322,0.9,4.0,4500.0,3400.0,9690.380000000001
CASE_D,33,7920.0,Predictive Economic Cost-Benefit Optimum,130654895928056.77,13065489592805.674,0.9,4.0,4500.0,3400.0,9690.380000000001
CASE_E,1,240.0,Predictive Economic Cost-Benefit Optimum,125434569342863.17,12543456934286.314,0.9,4.0,4500.0,3400.0,9690.380000000001
CASE_E,2,480.0,Predictive Economic Cost-Benefit Optimum,130305613639376.2,13030561363937.62,0.9,4.0,4500.0,3400.0,9690.380000000001
CASE_E,3,720.0,Predictive Economic Cost-Benefit Optimum,130350452581629.23,13035045258162.922,0.9,4.0,4500.0,3400.0,9690.380000000001
CASE_E,4,960.0,Predictive Economic Cost-Benefit Optimum,130802329315625.31,13080232931562.525,0.9,4.0,4500.0,3400.0,9690.380000000001
CASE_E,5,1200.0,Predictive Economic Cost-Benefit Optimum,130719045069714.17,13071904506971.414,0.9,4.0,4500.0,3400.0,9690.380000000001
CASE_E,6,1440.0,Predictive Economic Cost-Benefit Optimum,130613230941571.52,13061323094157.15,0.9,4.0,4500.0,3400.0,9690.380000000001
CASE_E,7,1680.0,Predictive Economic Cost-Benefit Optimum,131013964277448.05,13101396427744.803,0.9,4.0,4500.0,3400.0,9690.380000000001
CASE_E,8,1920.0,Predictive Economic Cost-Benefit Optimum,130528280560398.5,13052828056039.85,0.9,4.0,4500.0,3400.0,9690.380000000001
CASE_E,9,2160.0,Predictive Economic Cost-Benefit Optimum,130476405437445.17,13047640543744.516,0.9,4.0,4500.0,3400.0,9690.380000000001
CASE_E,10,2400.0,Predictive Economic Cost-Benefit Optimum,130466500480556.0,13046650048055.594,0.9,4.0,4500.0,3400.0,9690.380000000001
CASE_E,11,2640.0,Predictive Economic Cost-Benefit Optimum,130690979013845.77,13069097901384.576,0.9,4.0,4500.0,3400.0,9690.380000000001
CASE_E,12,2880.0,Predictive Economic Cost-Benefit Optimum,130514115386462.86,13051411538646.281,0.9,4.0,4500.0,3400.0,9690.380000000001
CASE_E,13,3120.0,Predictive Economic Cost-Benefit Optimum,130431367767747.12,13043136776774.709,0.9,4.0,4500.0,3400.0,9690.380000000001
CASE_E,14,3360.0,Predictive Economic Cost-Benefit Optimum,130508267623569.81,13050826762356.979,0.9,4.0,4500.0,3400.0,9690.380000000001
CASE_E,15,3600.0,Predictive Economic Cost-Benefit Optimum,130646996778766.27,13064699677876.62,0.9,4.0,4500.0,3400.0,9690.380000000001
CASE_E,16,3840.0,Predictive Economic Cost-Benefit Optimum,131675031534944.0,13167503153494.398,0.9,4.0,4500.0,3400.0,9690.380000000001
CASE_E,17,4080.0,Predictive Economic Cost-Benefit Optimum,130440739939723.2,13044073993972.318,0.9,4.0,4500.0,3400.0,9690.380000000001
CASE_E,18,4320.0,Predictive Economic Cost-Benefit Optimum,130253267846233.3,13025326784623.326,0.9,4.0,4500.0,3400.0,9690.380000000001
CASE_E,19,4560.0,Predictive Economic Cost-Benefit Optimum,130375573087936.08,13037557308793.604,0.9,4.0,4500.0,3400.0,9690.380000000001
CASE_E,20,4800.0,Predictive Economic Cost-Benefit Optimum,130402788327211.36,13040278832721.135,0.9,4.0,4500.0,3400.0,9690.380000000001
CASE_E,21,5040.0,Predictive Economic Cost-Benefit Optimum,130604831660072.05,13060483166007.203,0.9,4.0,4500.0,3400.0,9690.380000000001
CASE_E,22,5280.0,Predictive Economic Cost-Benefit Optimum,130961261639700.5,13096126163970.047,0.9,4.0,4500.0,3400.0,9690.380000000001
CASE_E,23,5520.0,Predictive Economic Cost-Benefit Optimum,130243953247431.3,13024395324743.125,0.9,4.0,4500.0,3400.0,9690.380000000001
CASE_E,24,5760.0,Predictive Economic Cost-Benefit Optimum,130427660309928.12,13042766030992.81,0.9,4.0,4500.0,3400.0,9690.380000000001
CASE_E,25,6000.0,Predictive Economic Cost-Benefit Optimum,130297781674561.33,13029778167456.13,0.9,4.0,4500.0,3400.0,9690.380000000001
CASE_E,26,6240.0,Predictive Economic Cost-Benefit Optimum,130548575294557.67,13054857529455.764,0.9,4.0,4500.0,3400.0,9690.380000000001
CASE_E,27,6480.0,Predictive Economic Cost-Benefit Optimum,130298060996290.14,13029806099629.014,0.9,4.0,4500.0,3400.0,9690.380000000001
CASE_E,28,6720.0,Predictive Economic Cost-Benefit Optimum,130487519959321.83,13048751995932.182,0.9,4.0,4500.0,3400.0,9690.380000000001
CASE_E,29,6960.0,Predictive Economic Cost-Benefit Optimum,130519154929125.98,13051915492912.596,0.9,4.0,4500.0,3400.0,9690.380000000001
CASE_E,30,7200.0,Predictive Economic Cost-Benefit Optimum,130548189746331.44,13054818974633.14,0.9,4.0,4500.0,3400.0,9690.380000000001
CASE_E,31,7440.0,Predictive Economic Cost-Benefit Optimum,130547813136385.86,13054781313638.584,0.9,4.0,4500.0,3400.0,9690.380000000001
CASE_E,32,7680.0,Predictive Economic Cost-Benefit Optimum,130200457555448.2,13020045755544.818,0.9,4.0,4500.0,3400.0,9690.380000000001
CASE_E,33,7920.0,Predictive Economic Cost-Benefit Optimum,130654897656617.12,13065489765661.709,0.9,4.0,4500.0,3400.0,9690.380000000001
