Topology,N_Stage1,N_Stage2,Total_Elements,P1_bar,P2_bar,Overall_Recovery_Pct,Permeate_Flow_m3_h,Permeate_TDS_mg_L,Concentrate_TDS_mg_L,Overall_Salt_Rejection_Pct,Average_Flux_LMH,System_SEC_kWh_m3,Max_Element_Recovery_Pct,Max_Polarization_Modulus,Feasible,Near_70_Pct_Target
Concentrate Staging (A),2,1,9,15.0,15.0,44.76409208397879,13.429227625193635,5.418553828588071,3690.668824841134,99.73451475607114,40.32801088646737,1.1091336963323988,12.364945457166666,1.2690503898624301,True,False
Concentrate Staging (A),2,2,12,15.0,15.0,57.67768280604499,17.3033048418135,6.322096012105469,4813.898899199318,99.69024517334122,38.97140730138176,0.8608071701324257,16.455176923163133,1.2690503898624301,True,False
Concentrate Staging (A),3,1,12,15.0,15.0,57.663036068083294,17.29891082042499,6.32891854269161,4812.226395577941,99.68991089942716,38.96151085681304,0.8572037762207637,20.132141898009547,1.267180867616873,True,False
Concentrate Staging (A),3,2,15,15.0,15.0,68.80647923129601,20.641943769388803,7.6066466750669575,6526.246746336426,99.62730785521475,37.19269147637622,0.7183767112942582,20.132141898009547,1.267180867616873,True,True
Concentrate Staging (A),3,3,18,15.0,15.0,77.38768873797608,23.216306621392825,9.490538150169908,8993.576412032662,99.53500548014847,34.85931925134058,0.6387188075001788,27.277952995068144,1.267180867616873,True,False
Concentrate Staging (A),4,1,15,15.0,15.0,68.73980100371251,20.621940301113753,7.633946919478949,6512.282408440812,99.62597026362181,37.15664919119595,0.71616063572683,28.82926487597307,1.2651097170429133,True,True
Concentrate Staging (A),4,2,18,15.0,15.0,77.4133856671977,23.22401570015931,9.480570457704049,9003.831824739947,99.53549385312573,34.87089444468365,0.6359202502547848,28.82926487597307,1.2651097170429133,True,False
Concentrate Staging (A),4,3,21,15.0,15.0,83.01722147731194,24.90516644319358,12.119601249044647,11958.812517490524,99.40619298142849,32.0529812653714,0.5929943054045531,28.82926487597307,1.2651097170429133,True,False
Concentrate Staging (A),4,4,24,15.0,15.0,85.95379769977274,25.786139309931823,15.509814883624072,14435.70782871691,99.24008746283076,29.03844516884214,0.5727348983288111,34.12104323818432,1.2651097170429133,True,False
Concentrate Staging (A),5,1,18,15.0,15.0,77.26384630984225,23.179153892952673,9.538668896775174,8944.477088065816,99.53264728580228,34.80353437380281,0.6349405290965207,37.74862618653304,1.262809790635558,False,False
Concentrate Staging (A),5,2,21,15.0,15.0,82.97461326967624,24.89238398090287,12.136371052365867,11928.832661622046,99.40537133501392,32.03653021995222,0.5912404472023266,37.74862618653304,1.262809790635558,False,False
Concentrate Staging (A),5,3,24,15.0,15.0,85.92429162074843,25.77728748622453,15.522193455637087,14405.404052119593,99.23948096738671,29.0284768989015,0.5709438684991998,37.74862618653304,1.262809790635558,False,False
Concentrate Staging (A),5,4,27,15.0,15.0,87.21921151182855,26.165763453548564,19.427384388838686,15836.703583600758,99.04814383200203,26.191955408957522,0.56246722030215,37.74862618653304,1.262809790635558,False,False
Concentrate Staging (A),6,1,21,15.0,15.0,82.76819483861266,24.830458451583798,12.217857968640601,11785.6920995264,99.40137883544142,31.956831984020333,0.5911318611583135,45.34022671311833,1.2602509992051918,False,False
Concentrate Staging (A),6,2,24,15.0,15.0,85.83126528985878,25.74937958695763,15.561276150653038,14310.689001279448,99.23756608767012,28.997049084411746,0.5700360689596392,45.34022671311833,1.2602509992051918,False,False
Concentrate Staging (A),6,3,27,15.0,15.0,87.16871698381155,26.150615095143465,19.45053508795569,15774.301101173807,99.04700954983069,26.176791887030497,0.5612898612325501,45.34022671311833,1.2602509992051918,False,False
Concentrate Staging (A),6,4,30,15.0,15.0,87.81117591105372,26.34335277331612,23.568593267864397,16575.05372432076,98.84524285801743,23.73275024623074,0.5571832577350107,45.34022671311833,1.2602509992051918,False,False
Concentrate Staging (A),2,1,9,15.0,20.0,50.825233430566385,15.247570029169914,5.076791688110598,4145.255485647366,99.75125959391913,45.78849858609584,1.213898652096443,12.364945457166666,1.3694738057261255,True,False
Concentrate Staging (A),2,2,12,15.0,20.0,68.5723455650157,20.57170366950471,6.136603067259007,6480.890871294143,99.69933350968844,46.3326659223079,0.8997312523800858,26.601056964876722,1.363478467044166,True,True
Concentrate Staging (A),3,1,12,15.0,20.0,63.45263416112654,19.035790248337964,6.083183310112404,5573.972332041748,99.7019508422287,42.87340146022064,0.9302609337245025,20.132141898009547,1.3449245157879544,True,False
Concentrate Staging (A),3,2,15,15.0,20.0,78.41851679755491,23.525555039266475,7.726314599744567,9429.106978417585,99.6214446545936,42.38838745813779,0.7527240900818634,30.284312860138257,1.3361057348035605,True,False
Concentrate Staging (A),3,3,18,15.0,20.0,87.19850386749482,26.159551160248444,10.927047103677971,15869.018413015376,99.46462287586095,39.27860534571838,0.6769325628763759,40.836048339206236,1.3253149065869403,False,False
Concentrate Staging (A),4,1,15,15.0,20.0,74.09477342216928,22.228432026650783,7.486783662225815,7857.305082792729,99.63318061429564,40.051228876848256,0.763919826729127,28.82926487597307,1.3102416011048477,True,False
Concentrate Staging (A),4,2,18,15.0,20.0,85.18291018984372,25.55487305695312,10.028578982005401,13716.980801312995,99.50864385193506,38.37068026569538,0.6644814828238413,30.896912295644047,1.2970952785041145,True,False
Concentrate Staging (A),4,3,21,15.0,20.0,89.83332072275331,26.94999621682599,14.315528512527196,19948.892160857427,99.29860222868558,34.68467981573487,0.6300832031901165,42.57844932630928,1.2811500577106023,False,False
Concentrate Staging (A),4,4,24,15.0,20.0,91.03882209945353,27.31164662983606,19.645572766753396,22576.43944146094,99.03745356360835,30.756358817382946,0.6217398816118606,48.83898370202962,1.2651097170429133,False,False
Concentrate Staging (A),5,1,18,15.0,20.0,81.97050171442902,24.591150514328707,9.519091640282765,11277.058965367742,99.5336064850425,36.923649420913975,0.6652879128906307,37.74862618653304,1.262809790635558,False,False
Concentrate Staging (A),5,2,21,15.0,20.0,88.77996311378936,26.63398893413681,13.152638465910753,18086.59911729434,99.35557871308619,34.27797803621211,0.614260043499839,37.74862618653304,1.262809790635558,False,False
Concentrate Staging (A),5,3,24,15.0,20.0,90.74954263113484,27.224862789340452,18.231460596647324,21884.918249635983,99.1067388242701,30.658629267275284,0.6009284721781125,42.5202155149702,1.262809790635558,False,False
Concentrate Staging (A),5,4,27,15.0,20.0,91.28127522575389,27.384382567726167,23.781796303046185,23160.40161088343,98.8347968494343,27.411794362088255,0.5974279376500676,51.55492814588808,1.262809790635558,False,False
Concentrate Staging (A),6,1,21,15.0,20.0,86.71043545554035,26.013130636662105,12.342687640137347,15277.382453037118,99.39526273198739,33.47893260831673,0.6106192413521658,45.34022671311833,1.2602509992051918,False,False
Concentrate Staging (A),6,2,24,15.0,20.0,90.23029059942431,27.06908717982729,16.903488932668274,20734.986576931773,99.17180357997705,30.48320628358929,0.5867991775648322,45.34022671311833,1.2602509992051918,False,False
Concentrate Staging (A),6,3,27,15.0,20.0,91.09240232023929,27.327720696071786,22.337290830130296,22684.59463274565,98.90557124791131,27.35507577184363,0.5812456249538827,45.34022671311833,1.2602509992051918,False,False
Concentrate Staging (A),2,1,9,15.0,25.0,56.74649411102675,17.023948233308023,4.870334822817077,4712.303000289732,99.76137506992568,51.12296766759166,1.2995340583922756,16.155105897933932,1.5038178970205263,True,False
Concentrate Staging (A),2,2,12,15.0,25.0,78.29829108214584,23.48948732464375,6.398114309794915,9381.705346526523,99.68652061196497,52.904250731179616,0.9418341163317115,38.526641323833026,1.4935322220227718,False,False
Concentrate Staging (A),3,1,12,15.0,25.0,69.02534630355116,20.707603891065347,5.961544662115264,6575.973514065331,99.70791059960239,46.63874750239943,0.9942150936310763,20.132141898009547,1.4733321132408639,True,True
Concentrate Staging (A),3,2,15,15.0,25.0,86.14542933864675,25.843628801594026,8.440398676164113,14679.119490837264,99.58645768367643,46.56509693980906,0.796630090127317,42.66902852928717,1.4578516378945452,False,False
Concentrate Staging (A),3,3,18,15.0,25.0,92.2990501162706,27.689715034881182,13.737210377297812,26338.57791484565,99.32693726715837,41.576148701022795,0.7435183899688377,54.44750334284449,1.4373896165848388,False,False
Concentrate Staging (A),4,1,15,15.0,25.0,79.09531470355824,23.728594411067476,7.484467053516085,9735.043165545932,99.6332941179071,42.75422416408554,0.8088493433728295,28.82926487597307,1.4301499910844095,True,False
Concentrate Staging (A),4,2,18,15.0,25.0,90.52591957758881,27.15777587327664,11.316526891479251,21434.8572043302,99.44554008370999,40.77744125116613,0.7067168570102963,42.175307690076856,1.406403074301166,False,False
Concentrate Staging (A),4,3,21,15.0,25.0,92.96109580594548,27.888328741783642,17.659397078050915,28762.767259619766,99.13476741410824,35.892314982990534,0.6882039503427272,54.351800274592854,1.3755031847869772,False,False
Concentrate Staging (A),4,4,24,15.0,25.0,93.27287936366389,27.98186380909917,24.685035613304436,29997.612137525273,98.79054210615853,31.511107893129697,0.685903488755848,61.107485141688386,1.3389169088532202,False,False
Concentrate Staging (A),5,1,18,15.0,25.0,86.12489978616384,25.837469935849153,9.69426112907888,14649.629883686353,99.5250239525194,38.79499990367741,0.696778988438579,37.74862618653304,1.3705326160760332,False,False
Concentrate Staging (A),5,2,21,15.0,25.0,92.27367281748917,27.682101845246752,14.910499267643615,26238.101064101244,99.26945128526978,35.62690070173327,0.6503482382355456,42.544107646940375,1.335811651740473,False,False
Concentrate Staging (A),5,3,24,15.0,25.0,93.08345877353811,27.925037632061432,21.769992137606298,29215.986317156407,98.93336638228288,31.447114450519628,0.6446904889769413,54.6619891024524,1.294953264809746,False,False
Concentrate Staging (A),6,1,21,15.0,25.0,89.94654394219046,26.98396318265714,12.71568480449229,20187.711263761958,99.37698751570346,34.72839534447508,0.6333451078154414,45.34022671311833,1.2971358289367052,False,False
Concentrate Staging (A),6,2,24,15.0,25.0,92.775956073129,27.832786821938697,18.89318298023707,28010.234839946155,99.0743173454073,31.34322840308412,0.6140298195988363,45.34022671311833,1.2602509992051918,False,False
Concentrate Staging (A),2,1,9,15.0,30.0,62.49467425954312,18.748402277862933,4.772797122296706,5433.94095571592,99.76615398714863,56.30150834193073,1.37277811662999,21.193783415546623,1.6496938275714126,True,False
Concentrate Staging (A),2,2,12,15.0,30.0,86.16029920426442,25.848089761279326,7.1889548893273725,14702.673164615506,99.64777291086098,58.21641838125974,0.9957175406973766,50.99212320437043,1.633012565315622,False,False
Concentrate Staging (A),3,1,12,15.0,30.0,74.32014585062414,22.29604375518724,5.956783823623366,7930.6249082562435,99.70814385969508,50.21631476393523,1.0525352806952193,26.041129492730562,1.6118835788710244,True,False
Concentrate Staging (A),3,2,15,15.0,30.0,91.36579247230075,27.409737741690225,9.848282082346193,23534.32011579205,99.51747760498058,49.3869148498923,0.8561691794870774,52.404666074033614,1.5863035517861257,False,False
Concentrate Staging (A),3,3,18,15.0,30.0,94.43867243591153,28.33160173077346,17.406547812340918,36404.284120979246,99.1471559131631,42.539942538698895,0.8283108344971865,64.96280330382687,1.549894112939233,False,False
Concentrate Staging (A),4,1,15,15.0,30.0,83.63212768978005,25.089638306934017,7.637793425780722,12430.524336257664,99.62578180177458,45.206555507989215,0.8531400816937768,31.120380665753363,1.5581879105126444,True,False
Concentrate Staging (A),4,2,18,15.0,30.0,93.56455202839197,28.06936560851759,13.273627430390638,31521.979493992436,99.34965078734,42.14619460738377,0.7625742730840238,52.82440432395804,1.5181738170665469,False,False
Concentrate Staging (A),4,3,21,15.0,30.0,94.36866041189279,28.310598123567836,21.53883985349239,35882.653740673784,98.94469182491463,36.43577622080803,0.7560764340413534,61.41849140459951,1.463398884083889,False,False
Concentrate Staging (A),5,1,18,15.0,30.0,89.59157485911487,26.87747245773446,10.086596317833035,19522.29306552299,99.50580125831293,40.356565251853546,0.7309399037079398,37.74862618653304,1.4839255915323437,False,False
Concentrate Staging (A),5,2,21,15.0,30.0,94.13302862000748,28.239908586002244,17.183853044733134,34512.25832804316,99.15806697478034,36.34479869498358,0.6956756630546294,51.264611634739786,1.4248116562255657,False,False
Concentrate Staging (A),6,1,21,15.0,30.0,92.41049156008071,27.723147468024212,13.34353222073512,26729.91528163995,99.34622576086551,35.679726471073636,0.6599612857438053,45.34022671311833,1.3927648104304526,False,False
Concentrate Staging (A),6,2,24,15.0,30.0,94.25066545660925,28.27519963698278,21.246051118084672,35151.46736001313,98.95903718186749,31.841441032638265,0.6470760342194616,53.28719404162656,1.319825356252786,False,False
Concentrate Staging (A),2,1,9,15.0,35.0,68.0269967173055,20.40809901519165,4.771746614867582,6373.357879676848,99.76620545738032,61.28558262820315,1.4382325457315877,26.7961635080247,1.8077235411790498,True,True
Concentrate Staging (A),2,2,12,15.0,35.0,91.50901442235433,27.4527043267063,8.627136738855159,23944.280361869798,99.57730834204531,61.83041515023942,1.0691694286601787,61.071881304178035,1.7816634586278621,False,False
Concentrate Staging (A),3,1,12,15.0,35.0,79.2561588454315,23.77684765362945,6.072575914849654,9815.86339007652,99.70247055782217,53.55145867934561,1.108091929884795,33.16169770268698,1.7608984988015344,True,False
Concentrate Staging (A),3,2,15,15.0,35.0,94.2847983123319,28.28543949369957,11.87630424277059,35515.849858414025,99.41811346189266,50.96475584450373,0.9314662764549109,57.82868946239361,1.7203139890049925,False,False
Concentrate Staging (A),3,3,18,15.0,35.0,95.34397774744687,28.603193324234063,21.449923873845222,43396.45903210427,98.94904831583315,42.94773772407517,0.9211185864609239,71.33366909888207,1.65875879455026,False,False
Concentrate Staging (A),4,1,15,15.0,35.0,87.57400727300801,26.2722021819024,7.967684963526617,16369.093590182174,99.6096185711158,47.337301228652976,0.8989385045691566,39.26043831177134,1.6942365958277827,False,False
Concentrate Staging (A),4,2,18,15.0,35.0,95.11284694672835,28.533854084018504,15.666138891064632,41457.66394481405,99.23242827579301,42.84362475077854,0.8276867916825,61.353978708516856,1.6300230903030575,False,False
Concentrate Staging (A),5,1,18,15.0,35.0,92.27984506510025,27.683953519530075,10.711087063782637,26309.2624769858,99.47520396551775,41.567497777072184,0.7689880016453177,39.77855543327535,1.6019274695287702,False,False
Concentrate Staging (A),5,2,21,15.0,35.0,95.14380104401891,28.543140313205676,19.725064980595214,41642.297643682774,99.03355879565923,36.735058318154024,0.7458404317473073,57.86474661137632,1.5077725000152806,False,False
Concentrate Staging (A),6,1,21,15.0,35.0,94.15237079054705,28.245711237164112,14.20317337404505,34674.34926043347,99.30410713502964,36.35226671449693,0.6904498477934206,45.34022671311833,1.4891474418063961,False,False
Concentrate Staging (A),2,1,9,20.0,15.0,55.933768290513505,16.780130487154054,5.239516886726635,4625.01389771952,99.74328677674049,50.390782243705864,1.1786478417718014,19.216140226056407,1.3970514829743632,True,False
Concentrate Staging (A),2,2,12,20.0,15.0,67.36668154298809,20.21000446289643,6.6139935863822945,6240.690399556335,99.67594347935412,45.51802806958655,0.97861752676223,19.216140226056407,1.3970514829743632,True,False
Concentrate Staging (A),3,1,12,20.0,15.0,72.0443931748374,21.61331795245122,6.793696022921944,7283.352980531479,99.6671388523801,48.678644037052294,0.9150776677067427,32.730958817282826,1.3934826064218944,True,False
Concentrate Staging (A),3,2,15,20.0,15.0,79.70449270534262,23.911347811602784,9.026208868979243,10020.965115495468,99.55775556741895,43.08350957045547,0.8271329888705097,32.730958817282826,1.3934826064218944,True,False
Concentrate Staging (A),3,3,18,20.0,15.0,84.29209333658788,25.287628000976365,12.011957810352413,12928.997560454003,99.41146703525956,37.96941141287743,0.7821162420836665,32.730958817282826,1.3934826064218944,True,False
Concentrate Staging (A),4,1,15,20.0,15.0,82.66246862811724,24.79874058843517,9.661381881744948,11726.084986528187,99.52663489065434,44.68241547465796,0.7975350406526971,47.344803766593394,1.3893142708387425,False,False
Concentrate Staging (A),4,2,18,20.0,15.0,85.77428161563397,25.73228448469019,13.081154047099998,14268.381246178607,99.35908113439001,38.63706379082611,0.7686011941574978,47.344803766593394,1.3893142708387425,False,False
Concentrate Staging (A),4,3,21,20.0,15.0,87.13642993298235,26.140928979894706,17.000392921611077,15751.35404850551,99.16705571182699,33.64340924053373,0.7565861411637176,47.344803766593394,1.3893142708387425,False,False
Concentrate Staging (A),4,4,24,20.0,15.0,87.787166075266,26.3361498225798,21.133969075520696,16560.014652892492,98.9645287077158,29.657826376779052,0.7509778276844554,47.344803766593394,1.3893142708387425,False,False
Concentrate Staging (A),5,1,18,20.0,15.0,87.20553762705659,26.161661288116974,14.134264600679714,15855.876389580899,99.3074833610642,39.28177370588134,0.7559865700240046,57.38448316336087,1.3844164904577287,False,False
Concentrate Staging (A),2,1,9,20.0,20.0,61.76976496113705,18.530929488341116,5.0698323327129575,5330.514903747166,99.75160057164561,55.64843690192527,1.0817619674674557,19.216140226056407,1.3970514829743632,True,False
Concentrate Staging (A),2,2,12,20.0,20.0,77.19572097555766,23.1587162926673,6.782832447278121,8927.113816699777,99.6676711196826,52.15927092943086,0.8655943830814026,29.857642343398076,1.3970514829743632,True,False
Concentrate Staging (A),3,1,12,20.0,20.0,77.19636526138454,23.158909578415365,6.782604428216985,8927.366620480088,99.66768229161113,52.159706257692264,0.861779150608107,32.730958817282826,1.3934826064218944,True,False
Concentrate Staging (A),3,2,15,20.0,20.0,86.76156207846725,26.028468623540174,9.84770254359106,15352.687314705627,99.51750599982405,46.89814166403635,0.7667706354205883,32.730958817282826,1.3934826064218944,True,False
Concentrate Staging (A),3,3,18,20.0,20.0,90.27795747786023,27.083387243358068,14.504537384441518,20858.843142164915,99.2893416274159,40.66574661164875,0.7369043335002794,41.86504444928663,1.3934826064218944,False,False
Concentrate Staging (A),4,1,15,20.0,20.0,86.62192612195867,25.9865778365876,9.896684264595208,15192.226623922359,99.5151061114848,46.82266276862631,0.7652870531297039,47.344803766593394,1.3893142708387425,False,False
Concentrate Staging (A),4,2,18,20.0,20.0,90.1999640603425,27.05998921810275,14.534837416267294,20692.674948957076,99.28785705946756,40.63061444159572,0.7349297670888779,47.344803766593394,1.3893142708387425,False,False
Concentrate Staging (A),4,3,21,20.0,20.0,91.0759716020625,27.32279148061875,19.986689762681063,22666.858933069434,99.02074033499848,35.164467800024134,0.7278608991176708,47.344803766593394,1.3893142708387425,False,False
Concentrate Staging (A),5,1,18,20.0,20.0,90.02322160087704,27.00696648026311,14.603695224981672,20325.73243547196,99.28448333047616,40.55100072111578,0.7347630407355665,57.38448316336087,1.3844164904577287,False,False
Concentrate Staging (A),5,2,21,20.0,20.0,91.02248192895405,27.306744578686214,20.010504043328158,22531.683329016105,99.01957354025829,35.14381541658457,0.7266966867800968,57.38448316336087,1.3844164904577287,False,False
Concentrate Staging (A),2,1,9,20.0,25.0,67.402765918114,20.220829775434197,5.006142325317882,6250.916002530499,99.75472110116031,60.72321253884144,1.1387240609464395,19.216140226056407,1.4782727569851626,True,False
Concentrate Staging (A),2,2,12,20.0,25.0,85.24644198542862,25.573932595628584,7.486189336877636,13790.69569483186,99.63320973361697,57.598947287451765,0.9003677987923137,42.35819366920433,1.4636890222976298,False,False
Concentrate Staging (A),3,1,12,20.0,25.0,81.9288438622764,24.57865315868292,6.912736757675881,11262.901273075826,99.66130638129957,55.35732693397054,0.8933717661869097,32.730958817282826,1.4111736814218117,True,False
Concentrate Staging (A),3,2,15,20.0,25.0,91.35953182656131,27.40785954796839,11.382270420530984,23501.055385803626,99.44231894068932,49.38353071706016,0.8011524849081348,43.01742930249928,1.3934826064218944,False,False
Concentrate Staging (A),3,3,18,20.0,25.0,93.00513400222798,27.901540200668393,17.991402614086816,28939.325964709606,99.11850060685514,41.8942045055081,0.786977156993721,52.48818392960645,1.3934826064218944,False,False
Concentrate Staging (A),4,1,15,20.0,25.0,89.8779067461888,26.96337202385664,10.351307028469217,20071.900257952675,99.49283160076095,48.58265229523719,0.782614870642548,47.344803766593394,1.3893142708387425,False,False
Concentrate Staging (A),4,2,18,20.0,25.0,92.76167472959237,27.82850241887771,16.583774298917707,27984.603310219478,99.18746818721618,41.784538166483046,0.7582849982693561,47.344803766593394,1.3893142708387425,False,False
Concentrate Staging (A),5,1,18,20.0,25.0,92.22380662754358,27.667141988263076,15.282724357929629,26065.52580109573,99.2512138972107,41.54225523763225,0.7436784289389692,57.38448316336087,1.3844164904577287,False,False
Concentrate Staging (A),6,1,21,20.0,25.0,92.76725424218962,27.830176272656885,20.756531121508353,27952.658695619746,98.98302150311082,35.81747268038209,0.7309020095566302,58.37516589583144,1.3786360247414906,False,False
Concentrate Staging (A),2,1,9,20.0,30.0,72.77694433813792,21.833083301441373,5.042928678240767,7483.83993299108,99.75291873208032,65.56481471904316,1.1911206353136932,25.300157620955105,1.6180185218677692,True,False
Concentrate Staging (A),2,2,12,20.0,30.0,90.83938241006642,27.251814723019926,8.842128185234186,22192.47605749437,99.5667747091997,61.37796108788271,0.9542790569063352,52.759339424476906,1.5939884406712665,False,False
Concentrate Staging (A),3,1,12,20.0,30.0,86.11587971963979,25.834763915891937,7.203256576409909,14655.569176457531,99.6470721912587,58.18640521597283,0.9273506124629962,32.730958817282826,1.5345604063613394,True,False
Concentrate Staging (A),3,2,15,20.0,30.0,93.87706475290524,28.16311942587157,13.507911361158607,33126.582063188085,99.33817190783152,50.74435932589472,0.8506829012069876,53.19046161822324,1.4881181388458828,False,False
Concentrate Staging (A),3,3,18,20.0,30.0,94.40002107440007,28.320006322320022,21.869780480018793,36077.90224677485,98.92847719353166,42.52253201549553,0.8459702963186567,61.75550960687403,1.4270961524419488,False,False
Concentrate Staging (A),4,1,15,20.0,30.0,92.36208877038906,27.70862663111672,11.035791019840792,26588.514213527804,99.45929490348648,49.92545338939949,0.8054054984639889,47.344803766593394,1.3947642774127262,False,False
Concentrate Staging (A),4,2,18,20.0,30.0,94.24081283023733,28.2722438490712,18.97128229280892,35128.591062031875,99.07049082347825,42.45081659019699,0.7893494539281242,53.22573372921321,1.3893142708387425,False,False
Concentrate Staging (A),5,1,18,20.0,30.0,93.79694269455565,28.139082808366695,16.174052570850964,32658.56066492706,99.20754274518123,42.250875087637674,0.7572099171515554,57.38448316336087,1.3844164904577287,False,False
Concentrate Staging (A),6,1,21,20.0,30.0,94.08890695260258,28.226672085780773,21.66394546343802,34183.468510959974,98.93856220169339,36.327763302163156,0.738942606551662,58.37516589583144,1.3786360247414906,False,False
Concentrate Staging (A),2,1,9,20.0,35.0,77.81835288530787,23.34550586559236,5.184180133506862,9183.11316502868,99.74599803363515,70.10662422099809,1.2415977137111693,32.20280559846564,1.768504980729658,True,False
Concentrate Staging (A),2,2,12,20.0,35.0,94.03934578015128,28.211803734045382,10.818898137107361,34070.52152444403,99.46992169832889,63.54009850010221,1.0274325945763911,57.913794651915175,1.7304628660106207,False,False
Concentrate Staging (A),3,1,12,20.0,35.0,89.62271230734099,26.886813692202296,7.679379457803731,19601.629944985452,99.62374426958336,60.555886694149315,0.9654507147917969,40.41126867473413,1.6648715974318113,False,False
Concentrate Staging (A),3,2,15,20.0,35.0,95.15823935108155,28.547471805324463,15.991039515288623,41839.80488163578,99.21650957788884,51.43688613571975,0.9092886990002772,60.81822154469892,1.590317254403972,False,False
Concentrate Staging (A),4,1,15,20.0,35.0,94.1214305808689,28.23642917426067,11.932565584500443,34528.27982197888,99.4153569042381,50.876448962631834,0.8333711190396266,47.344803766593394,1.4916300816897283,False,False
Concentrate Staging (A),5,1,18,20.0,35.0,94.8860009700999,28.465800291029968,17.22766438796112,39590.41341940312,99.15592041215281,42.74144187842338,0.7742247964821896,57.38448316336087,1.3844164904577287,False,False
Concentrate Staging (A),6,1,21,20.0,35.0,95.04769166030337,28.51430749809101,22.710703699357644,40777.226736606084,98.88727566392173,36.69795044799358,0.7496113846749601,58.37516589583144,1.3786360247414906,False,False
Concentrate Staging (A),2,1,9,25.0,15.0,66.22606125845982,19.867818377537947,5.460004841387498,6032.4147249759535,99.73248383922649,59.663118250864706,1.2576216191363732,27.374512341946023,1.536653747297093,True,False
Concentrate Staging (A),2,2,12,25.0,15.0,75.56653264061475,22.669959792184425,7.371853109930559,8330.49733087362,99.63881170456,51.058468000415374,1.102172132007079,27.374512341946023,1.536653747297093,True,False
Concentrate Staging (A),3,1,12,25.0,15.0,82.47696023179246,24.743088069537738,8.427198508831172,11607.85759630381,99.58710443366824,55.727675832292206,1.0098253640146166,47.97095276440782,1.5303978752067136,False,False
Concentrate Staging (A),3,2,15,25.0,15.0,85.68471679467052,25.705415038401156,11.862934381827417,14186.483418751552,99.4187685261231,46.316063132254335,0.9720207932585389,47.97095276440782,1.5303978752067136,False,False
Concentrate Staging (A),3,3,18,25.0,15.0,87.0945205637345,26.128356169120355,15.78538336772686,15708.457837993843,99.22658582225739,39.23176601970023,0.9562866395015105,47.97095276440782,1.5303978752067136,False,False
Concentrate Staging (A),2,1,9,25.0,20.0,71.70622555239663,21.511867665718988,5.424898734608944,7199.852439800319,99.73420388365464,64.60020320035731,1.1615076061705383,27.374512341946023,1.536653747297093,True,True
Concentrate Staging (A),2,2,12,25.0,20.0,83.82663222427121,25.14798966728136,7.960842231596096,12578.25038217123,99.60995383480666,56.63961636775082,0.9935664141446187,31.234696874811096,1.536653747297093,True,False
Concentrate Staging (A),3,1,12,25.0,20.0,86.46861180904227,25.94058354271268,8.708647976111836,15027.798510330022,99.57331465085194,58.424737708812344,0.963208783469556,47.97095276440782,1.5303978752067136,False,False
Concentrate Staging (A),3,2,15,25.0,20.0,90.15757554323301,27.047272662969906,13.360147448226117,20614.380368210048,99.34541168798499,48.7338246179638,0.9237973169426049,47.97095276440782,1.5303978752067136,False,False
Concentrate Staging (A),3,3,18,25.0,20.0,91.05924220478087,27.31777266143426,18.814750259351197,22636.419388000057,99.07816020287353,41.017676668820215,0.9146498957413469,47.97095276440782,1.5303978752067136,False,False
Concentrate Staging (A),4,1,15,25.0,20.0,90.70567391798076,27.211702175394226,14.698265285978003,21816.19002308104,99.27984981450378,49.03009400971932,0.9182151765301937,63.29264566907873,1.522657260109153,False,False
Concentrate Staging (A),2,1,9,25.0,25.0,76.87256146843538,23.061768440530617,5.500645562311653,8806.73192614539,99.73049262311065,69.25455988147333,1.0926886252181602,27.374512341946023,1.536653747297093,True,False
Concentrate Staging (A),2,2,12,25.0,25.0,89.73974223507939,26.921922670523816,9.202138245110422,19811.802699622003,99.54913580376726,60.63496096964824,0.9360153195883412,41.54573604763793,1.536653747297093,False,False
Concentrate Staging (A),3,1,12,25.0,25.0,89.76113424274747,26.928340272824244,9.195050608860575,19853.23830268436,99.54948306668983,60.64941502888343,0.9319911247575269,47.97095276440782,1.5303978752067136,False,False
Concentrate Staging (A),3,2,15,25.0,25.0,92.74628667734984,27.823886003204954,15.432001561660469,27939.99847310088,99.2438999724811,50.133127933702625,0.9019938529014971,47.97095276440782,1.5303978752067136,False,False
Concentrate Staging (A),4,1,15,25.0,25.0,92.60943762974424,27.782831288923273,15.485153981768233,27422.26077595839,99.24129573827692,50.05915547553743,0.9012189595180538,63.29264566907873,1.522657260109153,False,False
Concentrate Staging (A),2,1,9,25.0,30.0,81.62883749563755,24.488651248691266,5.697987454179898,11084.485255611613,99.72082374060854,73.5394932393131,1.12572508938689,29.973282508152334,1.5730328535347649,True,False
Concentrate Staging (A),2,2,12,25.0,30.0,93.22367455269853,27.967102365809556,11.093256052952036,29966.95590954179,99.45647937026203,62.98896929236386,0.98571131021422,52.03455731614428,1.5371369430130049,False,False
Concentrate Staging (A),3,1,12,25.0,30.0,92.28196305163343,27.684588915490025,9.899447348047602,26326.18383727707,99.51497073257973,62.35267773759015,0.9509919446818182,47.97095276440782,1.5303978752067136,False,False
Concentrate Staging (A),3,2,15,25.0,30.0,94.2317534717292,28.269526041518763,17.835402491058296,35092.00547468193,99.1261439249849,50.93608295769146,0.9313145544708298,53.14614158726047,1.5303978752067136,False,False
Concentrate Staging (A),4,1,15,25.0,30.0,93.99967626348057,28.19990287904417,16.441262536399137,33757.26636404958,99.19445063515928,50.8106358180976,0.908463994634692,63.29264566907873,1.522657260109153,False,False
Concentrate Staging (A),2,1,9,25.0,35.0,85.85382364964597,25.756147094893795,6.037039535061762,14391.287937485376,99.70421168373043,77.34578707175314,1.1622719061635791,38.00418949391844,1.712686400741861,False,False
Concentrate Staging (A),2,2,12,25.0,35.0,95.01976277123644,28.505928831370934,13.441151853288682,40725.53487374389,99.34144282933421,64.2025424129976,1.0501550872626677,61.1028030799101,1.6551836640554385,False,False
Concentrate Staging (A),3,1,12,25.0,35.0,94.0724654642058,28.22173963926174,10.807858565314161,34261.002929974915,99.47046258866663,63.56247666500392,0.9765049325256681,47.97095276440782,1.5303978752067136,False,False
Concentrate Staging (A),4,1,15,25.0,35.0,94.99119314783388,28.497357944350167,17.52861577502145,40415.799979541225,99.14117512126303,51.34659089072102,0.9193406132633671,63.29264566907873,1.522657260109153,False,False
Concentrate Staging (A),2,1,9,30.0,15.0,75.1656020487944,22.54968061463832,6.091957975554593,8200.001252747332,99.70152092231481,67.71675860251747,1.3390225682575283,37.01435155650532,1.6885472479929493,False,False
Concentrate Staging (A),2,2,12,30.0,15.0,81.71187618239239,24.513562854717716,8.698402187752796,11121.383432543733,99.57381664930168,55.21072715026512,1.2317479686225605,37.01435155650532,1.6885472479929493,False,False
Concentrate Staging (A),2,1,9,30.0,20.0,80.07331461410237,24.021994384230712,6.2076475164519085,10217.601630399313,99.6958526449558,72.1381212739661,1.2569535554392295,37.01435155650532,1.6885472479929493,False,False
Concentrate Staging (A),2,2,12,30.0,20.0,88.03528285398029,26.410584856194088,9.77793352896494,16986.544217943483,99.52092437388707,59.48329922566236,1.143273858356774,37.01435155650532,1.6885472479929493,False,False
Concentrate Staging (A),3,1,12,30.0,20.0,90.31521473157802,27.09456441947341,12.111880514009354,20961.343724624654,99.40657126339984,61.02379373755273,1.114412868298358,62.85555245356412,1.6781107452745736,False,False
Concentrate Staging (A),3,2,15,30.0,20.0,91.10817187646357,27.33245156293907,17.614864780804634,22773.17319438174,99.13694930030354,49.24766047376409,1.104713610503264,62.85555245356412,1.6781107452745736,False,False
Concentrate Staging (A),2,1,9,30.0,25.0,84.48645857789336,25.345937573368005,6.467136081147421,13121.028206061374,99.68313884952732,76.11392664675077,1.1912966787121977,37.01435155650532,1.6885472479929493,False,False
Concentrate Staging (A),2,2,12,30.0,25.0,91.9573301764316,27.587199052929478,11.528845574214465,25245.328055863607,99.43513740449708,62.133331200291614,1.0945123929423946,43.09245656371236,1.6885472479929493,False,False
Concentrate Staging (A),3,1,12,30.0,25.0,92.39269122888732,27.717807368666193,12.892521700884311,26672.87884959215,99.36832328756078,62.427494073572504,1.0893549712786315,62.85555245356412,1.6781107452745736,False,False
Concentrate Staging (A),2,1,9,30.0,30.0,88.26887107191943,26.480661321575834,6.895496522242748,17346.271066837286,99.66215107681319,79.5215054701977,1.1463330073244606,37.01435155650532,1.6885472479929493,False,False
Concentrate Staging (A),2,2,12,30.0,30.0,94.05573321974742,28.216719965924224,13.789419740703872,34117.41658186406,99.32437923857404,63.55117109442393,1.0758038554928213,52.50995556151926,1.6885472479929493,False,False
Concentrate Staging (A),3,1,12,30.0,30.0,93.88296679221693,28.16489003766508,13.852589551176727,33153.2412701547,99.32128419641467,63.434437021768204,1.0741949854853992,62.85555245356412,1.6781107452745736,False,False
Concentrate Staging (A),2,1,9,30.0,35.0,91.30233848272188,27.390701544816565,7.516910992196403,23387.1699932401,99.63170450797666,82.25435899344313,1.173607492532964,40.54011066656237,1.6885472479929493,False,False
Concentrate Staging (A),2,2,12,30.0,35.0,95.14912661162069,28.544737983486204,16.336741333680443,41754.45473708646,99.19957171319547,64.28995041325722,1.1261596647805325,59.08650310810475,1.6885472479929493,False,False
Concentrate Staging (A),3,1,12,30.0,35.0,94.92553575166262,28.477660725498783,14.949238618095992,39941.346632110944,99.26755322792278,64.13887550788014,1.0858276871442307,62.85555245356412,1.6781107452745736,False,False
Concentrate Staging (A),2,1,9,35.0,15.0,82.07181706419992,24.621545119259977,7.2616467422702815,11351.067990867858,99.644211330609,73.93857393171164,1.437881514415591,48.039147505772384,1.853362052460663,False,False
Concentrate Staging (A),2,2,12,35.0,15.0,85.49164968946492,25.647494906839476,10.679913816529258,14004.828405731396,99.47673131717151,57.76462816855738,1.380363451164674,48.039147505772384,1.853362052460663,False,False
Concentrate Staging (A),2,1,9,35.0,20.0,86.13267687358507,25.83980306207552,7.575872196159935,14670.997999647041,99.62881566897795,77.59700619241897,1.370090340792624,48.039147505772384,1.853362052460663,False,False
Concentrate Staging (A),2,2,12,35.0,20.0,90.06791012032097,27.02037303609629,12.201528260960163,20438.90422947134,99.40217891911023,60.8566960272439,1.3102285647958651,48.039147505772384,1.853362052460663,False,False
Concentrate Staging (A),2,1,9,35.0,25.0,89.5042371052335,26.851271131570048,8.080515444555827,19377.03449180694,99.604090375083,80.63444784255269,1.3184800231564777,48.039147505772384,1.853362052460663,False,False
Concentrate Staging (A),2,2,12,35.0,25.0,92.71660751188115,27.81498225356434,14.285213255098952,27840.80685205199,99.30008754262131,62.64635642694672,1.2727983883145082,48.039147505772384,1.853362052460663,False,False
Concentrate Staging (A),2,1,9,35.0,30.0,92.10504359995426,27.631513079986277,8.791918937233334,25749.378416045613,99.56923474094889,82.97751675671554,1.2812495819845608,48.039147505772384,1.853362052460663,False,False
Concentrate Staging (A),2,2,12,35.0,30.0,94.21709376867736,28.26512813060321,16.70151766103593,35021.565877634916,99.18169928167389,63.66019849234957,1.2525280062325974,52.96774864378152,1.853362052460663,False,False
Concentrate Staging (A),2,1,9,35.0,35.0,93.96422163564452,28.189266490693356,9.701044619858884,33664.00099996704,99.52469159138369,84.65245192400407,1.259940359574571,48.039147505772384,1.853362052460663,False,False
Permeate Polishing (B),3,1,12,15.0,15.0,18.847233029761163,5.654169908928349,0.01188499859897933,2515.0069876916377,99.99941768747678,12.734616912000787,3.7289159590455343,20.132141898009547,1.3306620248996088,True,False
Permeate Polishing (B),3,2,15,15.0,15.0,37.67540352653555,11.302621057960664,0.022282408976019713,3274.777087215451,99.99890826021675,20.36508298731651,1.8654013348265022,63.817848786381695,1.3306427334256032,False,False
Permeate Polishing (B),4,1,15,15.0,15.0,18.84623679577058,5.6538710387311735,0.012971272141180235,2514.9758616455238,99.99936446486325,10.187155024740852,4.059341620994279,28.82926487597307,1.330634728286625,True,False
Permeate Polishing (B),4,2,18,15.0,15.0,37.68359615207524,11.305078845622571,0.017812559098672114,3275.2103163204806,99.99912726315048,16.97459286129515,2.0301489570010776,38.49636260345417,1.33061914068846,False,False
Permeate Polishing (B),5,1,18,15.0,15.0,18.844224403901748,5.653267321170524,0.01516589416509172,2514.9129893880236,99.99925693806149,8.488389371126914,4.341479688509941,37.74862618653304,1.330593081139309,False,False
Permeate Polishing (B),5,2,21,15.0,15.0,37.68130916300611,11.304392748901833,0.019060131764582773,3275.0893680218965,99.99906613759116,14.548768016604676,2.1711511439624323,37.74862618653304,1.330578185572396,False,False
Permeate Polishing (B),6,1,21,15.0,15.0,18.84106019081387,5.652318057244162,0.018617587535775994,2514.8141376017734,99.99908782030693,7.2745406142138505,4.558366659185785,45.34022671311833,1.330531905131041,False,False
Permeate Polishing (B),6,2,24,15.0,15.0,37.675024990646115,11.302507497193835,0.022488982990340738,3274.757072848761,99.99889813900096,12.728048983326392,2.2796125714274047,45.34022671311833,1.3305158777744173,False,False
Permeate Polishing (B),3,1,12,15.0,20.0,25.658686232639997,7.697605869792,0.011178277457803892,2745.441300900137,99.99945231369634,17.33695015718919,3.041555752151781,30.806880048802764,1.4739616216843092,True,False
Permeate Polishing (B),4,1,15,15.0,20.0,25.658181496729398,7.697454449018819,0.011582504985816793,2745.4225215785605,99.99943250832995,13.869287295529404,3.3708818241338876,28.82926487597307,1.4739293599533134,True,False
Permeate Polishing (B),4,2,18,15.0,20.0,51.28038925246795,15.384116775740386,0.025998027453877713,4189.25076944239,99.99872621129575,23.099274438048628,1.686623266875671,73.05466661624367,1.4738991112685946,False,False
Permeate Polishing (B),5,1,18,15.0,20.0,25.656095237968263,7.696828571390479,0.013253494449309108,2745.344902455542,99.99935063721463,11.556799656742461,3.652032438651292,37.74862618653304,1.4738784232770599,False,False
Permeate Polishing (B),5,2,21,15.0,20.0,51.294230173159804,15.38826905194794,0.020449252395922303,4190.447082490589,99.99899807680569,19.804722074579075,1.8266555856649707,49.69055817578691,1.4738503709875783,False,False
Permeate Polishing (B),6,1,21,15.0,20.0,25.652547314798806,7.695764194439643,0.016095828514352456,2745.212912205442,99.99921137537902,9.904458422702243,3.8680536180464267,45.34022671311833,1.4738028170208328,False,False
Permeate Polishing (B),6,2,24,15.0,20.0,51.28940612503467,15.386821837510398,0.022382855875605834,4190.030048094132,99.99890333876161,17.327502069268466,1.934618392952734,45.34022671311833,1.4737731128922034,False,False
Permeate Polishing (B),3,1,12,15.0,25.0,32.46810048455722,9.740430145367165,0.012058475603260036,3022.2696229287935,99.99940918786854,21.93790573280893,2.6427447278405647,46.75386869507035,1.632684981469749,False,False
Permeate Polishing (B),3,2,15,15.0,25.0,44.71105618258944,13.41331685477683,4.663453969037427,3687.7443837764135,99.7715113194984,24.16813847707537,1.9190980644284992,99.89999999999998,1.6326060585798514,False,False
Permeate Polishing (B),4,1,15,15.0,25.0,32.469202544716914,9.740760763415073,0.011360982651381048,3022.3192796309268,99.9994433619475,17.550920294441575,2.9713720790725042,30.027217996073833,1.6326474020146062,True,False
Permeate Polishing (B),5,1,18,15.0,25.0,32.46724191294984,9.740172573884951,0.01260189770580544,3022.2309384736354,99.99938256258179,14.624883744572,3.251953673927535,37.74862618653304,1.6325852736252806,False,False
Permeate Polishing (B),5,2,21,15.0,25.0,64.83783133256257,19.45134939976877,0.04323579288986287,5804.454173896304,99.99788163680108,25.033911711414117,1.6284006489909597,85.54113775698151,1.632535664892547,False,False
Permeate Polishing (B),6,1,21,15.0,25.0,32.46331413375042,9.738994240125129,0.015088302601675476,3022.053978009729,99.99926073970595,12.534098121139161,3.46749551955576,45.34022671311833,1.6324918830031618,False,False
Permeate Polishing (B),6,2,24,15.0,25.0,64.88453698390934,19.465361095172803,0.02842109581427129,5812.201759003874,99.99860749163085,21.920451683753157,1.7348724602385008,64.22384945319968,1.6324403125071452,False,False
Permeate Polishing (B),3,1,12,15.0,30.0,39.26982801172114,11.78094840351634,0.016656022110893693,3360.7569226095425,99.99918392836301,26.533667575487254,2.382681126732995,70.50876906269437,1.8084896207940901,False,False
Permeate Polishing (B),4,1,15,15.0,30.0,39.27857539908563,11.783572619725689,0.01207854754378856,3361.244024053846,99.99940820443196,21.231662377884124,2.7105225943878897,41.64158635519377,1.8084467618250426,False,False
Permeate Polishing (B),4,2,18,15.0,30.0,57.52198720072958,17.256596160218876,3.997247497231844,4799.425795740796,99.80415249891074,25.91080504537369,1.85086557811479,99.8943460636105,1.8083477947158522,False,False
Permeate Polishing (B),5,1,18,15.0,30.0,39.277309893861435,11.78319296815843,0.01274065547244804,3361.1735452526327,99.99937576406307,17.692481934171816,2.990709941731376,37.74862618653304,1.8083712396958735,False,False
Permeate Polishing (B),5,2,21,15.0,30.0,68.41207588208148,20.523622764624445,1.5474282524971623,6457.978576225928,99.92418283917212,26.41392891200057,1.7170512613373647,99.71216803414013,1.8082864063911166,False,True
Permeate Polishing (B),6,1,21,15.0,30.0,39.273083320976085,11.781924996292824,0.01495229292956359,3360.9381792942777,99.99926740358013,15.163352633581498,3.2059454852392197,45.34022671311833,1.8082559498071227,False,False
Permeate Polishing (B),6,2,24,15.0,30.0,76.60236904890124,22.98071071467037,0.536478513633539,8721.348964833089,99.97371491848929,25.879178732736904,1.643648437085941,99.00793962433028,1.808169636891634,False,False
Permeate Polishing (B),3,2,15,15.0,35.0,44.712405069744435,13.41372152092333,5.425147092560059,3687.218242768517,99.73419171521019,24.168867605267263,2.2662626752136643,99.89999999999999,2.0028885988335285,False,False
Permeate Polishing (B),4,1,15,15.0,35.0,46.08414501769917,13.825243505309752,0.014280048962827863,3785.5161896839672,99.99930034057017,24.91034865821577,2.526961285130341,57.18898810975491,2.003162943629877,False,False
Permeate Polishing (B),5,1,18,15.0,35.0,46.08560304458879,13.825680913376635,0.013629839380968902,3785.6191182000775,99.9993321979725,20.759280650715667,2.8067792803277167,40.59661116137534,2.003071540201567,False,False
Permeate Polishing (B),5,2,21,15.0,35.0,68.44701585255616,20.534104755766847,3.5523864788259174,6460.778758477086,99.8259487271521,26.42741924809118,1.8898138090578143,99.8408409247674,2.0029289177085268,False,True
Permeate Polishing (B),6,1,21,15.0,35.0,46.08138821225453,13.824416463676359,0.015509563500144279,3785.321589903594,99.99924009977951,17.792041780793255,3.021791170407329,45.34022671311833,2.002929319987169,False,False
Permeate Polishing (B),6,2,24,15.0,35.0,76.80110471280418,23.04033141384125,2.0231308058262782,8791.135043042208,99.90087551171845,25.946319159731136,1.8131032429887408,99.71960672796878,2.0027878595718946,False,False
Permeate Polishing (B),3,1,12,20.0,15.0,18.84871295832912,5.654613887498736,0.010271526190959555,2515.053227561834,99.99949674051,12.735616863735892,5.084815732698817,32.730958817282826,1.3934826064218944,True,False
Permeate Polishing (B),3,2,15,20.0,15.0,37.69141716215467,11.307425148646402,0.013547273427355459,3275.6240005525974,99.99933624334017,20.373739006570094,2.542813176254608,34.196530888464785,1.3934826064218944,True,False
Permeate Polishing (B),4,1,15,20.0,15.0,18.84586938280618,5.653760814841854,0.013371920849096773,2514.9643824942214,99.99934483484326,10.186956423138476,5.474113918373797,47.344803766593394,1.3893142708387425,False,False
Permeate Polishing (B),4,2,18,20.0,15.0,37.68661874361284,11.305985623083851,0.01616394111532733,3275.370180859724,99.99920803816191,16.97595438901479,2.73742880978831,47.344803766593394,1.3893142708387425,False,False
Permeate Polishing (B),5,1,18,20.0,15.0,18.840593766132447,5.652178129839734,0.019126486645642562,2514.799566885752,99.99906288649458,8.486753948708309,5.714695068248046,57.38448316336087,1.3844164904577287,False,False
Permeate Polishing (B),5,2,21,20.0,15.0,37.675135938974904,11.302540781692471,0.022428436012068634,3274.762939005877,99.99890110553591,14.546384532422742,2.857806497435866,57.38448316336087,1.3844164904577287,False,False
Permeate Polishing (B),6,1,21,20.0,15.0,18.833054739289455,5.649916421786837,0.027355542793651502,2514.56407723602,99.9986596990302,7.271449706289365,5.823420723486629,58.37516589583144,1.3786360247414906,False,False
Permeate Polishing (B),6,2,24,20.0,15.0,37.65808022910752,11.297424068732257,0.03174030551702504,3273.861399698544,99.99844486499182,12.722324401725514,2.9123311806682475,58.37516589583144,1.3786360247414906,False,False
Permeate Polishing (B),3,1,12,20.0,20.0,25.661298718287878,7.698389615486364,0.009086271895719535,2745.538505724107,99.99955481274397,17.338715350194512,4.151646672852064,32.730958817282826,1.4739819700061938,True,False
Permeate Polishing (B),3,2,15,20.0,20.0,51.303893834375636,15.39116815031269,0.016576900530981344,4191.282745406305,99.99918780497154,27.731834505067912,2.0765801088855964,62.2180292891847,1.4739601256104833,False,False
Permeate Polishing (B),4,1,15,20.0,20.0,25.658205252512804,7.6974615757538425,0.011563479350008532,2745.4234054360395,99.9994334405022,13.86930013649341,4.539538057069645,47.344803766593394,1.473912280382274,False,False
Permeate Polishing (B),4,2,18,20.0,20.0,51.30506478224242,15.391519434672725,0.016107785922597383,4191.384025387734,99.99921078951873,23.11038954155064,2.2702709706001714,47.344803766593394,1.4738908726661508,False,False
Permeate Polishing (B),5,1,18,20.0,20.0,25.65217261112693,7.695651783338079,0.016396059331245036,2745.1989731713606,99.99919666539289,11.555032707714833,4.778941794304291,57.38448316336087,1.4737883848330282,False,False
Permeate Polishing (B),5,2,21,20.0,20.0,51.291990465478634,15.38759713964359,0.02134694005416912,4190.2534516074,99.99895409406888,19.803857322578622,2.3900464515708353,57.38448316336087,1.4737618278328204,False,False
Permeate Polishing (B),6,1,21,20.0,20.0,25.643464888034075,7.693039466410222,0.023375581973969026,2744.8750841032593,99.99885469956031,9.90095169422165,4.886679054843143,58.37516589583144,1.4736131746163013,False,False
Permeate Polishing (B),6,2,24,20.0,20.0,51.27095765434855,15.381287296304563,0.02978083729526809,4188.4359569435655,99.9985408702942,17.321269477820454,2.444100685748229,58.37516589583144,1.4735773392892242,False,False
Permeate Polishing (B),3,1,12,20.0,25.0,32.47326777760399,9.741980333281198,0.008788509494050314,3022.502465189422,99.99956940178863,21.941397147029726,3.610078896306858,32.730958817282826,1.6327142360676539,True,False
Permeate Polishing (B),4,1,15,20.0,25.0,32.4700214685201,9.74100644055603,0.010842717110133864,3022.356179805375,99.99946875467369,17.55136295595681,3.997175138098664,47.344803766593394,1.6326286394395697,False,False
Permeate Polishing (B),4,2,18,20.0,25.0,64.90936678420319,19.47281003526096,0.020553941345407428,5816.328950279612,99.9989929475088,29.238453506397835,1.9995321011063172,64.61001920266833,1.6325914594756823,False,False
Permeate Polishing (B),5,1,18,20.0,25.0,32.463128295825406,9.738938488747621,0.015205958624293742,3022.0456058582663,99.99925497507965,14.623030763885316,4.235951325477959,57.38448316336087,1.632474992842552,False,False
Permeate Polishing (B),5,2,21,20.0,25.0,64.89952738228459,19.469858214685377,0.023670769280402737,5814.6927536027315,99.99884023668396,25.05773258003266,2.118847962079288,57.38448316336087,1.6324295680138097,False,False
Permeate Polishing (B),6,1,21,20.0,25.0,32.453040114998835,9.73591203449965,0.021594918211783314,3021.5911941371232,99.99894194423264,12.530131318532368,4.343197548492356,58.37516589583144,1.6322571898072775,False,False
Permeate Polishing (B),6,2,24,20.0,25.0,64.87337392679827,19.46201217803948,0.0319599973893948,5810.348145074084,99.99843410105882,21.91668038067509,2.172693598881291,58.37516589583144,1.632196235331255,False,False
Permeate Polishing (B),3,1,12,20.0,30.0,39.28422585779164,11.785267757337492,0.009122767678808605,3361.5587465144117,99.99955302461152,26.543395849859216,3.2564081169460994,36.85457718424101,1.8085319107660967,False,False
Permeate Polishing (B),3,2,15,20.0,30.0,61.58154781347929,18.474464344043785,1.7943521104153894,5309.675153734819,99.91208465897033,33.28732314242123,2.077334469388825,99.79923476805041,1.808462834757396,False,False
Permeate Polishing (B),4,1,15,20.0,30.0,39.281116983941864,11.78433509518256,0.010748928076148589,3361.385579443568,99.99947334992278,21.233036207536145,3.6429800591874746,47.344803766593394,1.8084269469542043,False,False
Permeate Polishing (B),5,1,18,20.0,30.0,39.27326316863114,11.781978950589341,0.01485817440700663,3360.948193837038,99.9992720149727,17.69065908496898,3.8813740077360643,57.38448316336087,1.8082363889486421,False,False
Permeate Polishing (B),5,2,21,20.0,30.0,78.45989712042042,23.537969136126126,0.037550655083064814,9475.212580017576,99.99816018348442,30.293396571590893,1.9428297570636197,77.61111770349962,1.8081616408827457,False,False
Permeate Polishing (B),6,1,21,20.0,30.0,39.26153418582564,11.778460255747692,0.020998033495025027,3360.295207478884,99.99897118895174,15.158893508040787,3.988345056361671,58.37516589583144,1.8079655374931505,False,False
Permeate Polishing (B),6,2,24,20.0,30.0,78.43847900649621,23.531543701948863,0.043168847769007195,9465.779986612823,99.9978849168168,26.499486150843314,1.99632307712448,69.04544442767391,1.807865863041475,False,False
Permeate Polishing (B),3,1,12,20.0,35.0,46.09321497755195,13.827964493265586,0.01023595285850454,3786.156568362082,99.99949848344643,31.14406417402159,3.007381569542789,49.651864700890535,2.003271784646053,False,False
Permeate Polishing (B),3,2,15,20.0,35.0,61.59934005041452,18.479802015124356,4.854849610544495,5307.225051223277,99.76213377704339,33.29694056779163,2.2503469207789113,99.89999999999998,2.0031521299422863,False,False
Permeate Polishing (B),4,1,15,20.0,35.0,46.09115251820761,13.827345755462282,0.011155418416517009,3786.0109308187775,99.99945343368856,24.914136496328435,3.3935425923865674,47.344803766593394,2.003143331203253,False,False
Permeate Polishing (B),4,2,18,20.0,35.0,76.63487428816428,22.990462286449286,1.470628067241625,8730.4173373059,99.9279457095913,34.52021364331724,2.041006665119299,99.72167837867009,2.00304124928156,False,False
Permeate Polishing (B),5,1,18,20.0,35.0,46.08227755200377,13.824683265601129,0.015112908574005122,3785.3843652169603,99.9992595341218,20.757782681082777,3.631682791734462,57.38448316336087,2.002906972986625,False,False
Permeate Polishing (B),6,1,21,20.0,35.0,46.0685866665866,13.82057599997598,0.02122088497215724,3784.4182039518564,99.99896027021205,17.787099099068186,3.738493835903884,58.37516589583144,2.0025700094108663,False,False
Permeate Polishing (B),6,2,24,20.0,35.0,89.69963344430154,26.909890033290463,0.5798979113758964,19809.778833261942,99.97158755946222,30.30393021766944,1.9200427099713988,98.67319471149165,2.002410951734843,False,False
Permeate Polishing (B),3,1,12,25.0,15.0,18.848142821699245,5.654442846509774,0.010893080053660745,2515.0354136349424,99.99946628711153,12.735231636283274,6.386592019479598,47.97095276440782,1.5303978752067136,False,False
Permeate Polishing (B),3,2,15,25.0,15.0,37.69208358537044,11.307625075611131,0.013183913030368399,3275.6592551203753,99.99935404639734,20.374099235335372,3.1936520106253243,47.97095276440782,1.5303978752067136,False,False
Permeate Polishing (B),4,1,15,25.0,15.0,18.841771420136507,5.6525314260409525,0.017841639432498547,2514.836356131953,99.99912583834237,10.184741308181897,6.7107555675535036,63.29264566907873,1.522657260109153,False,False
Permeate Polishing (B),4,2,18,25.0,15.0,37.678186008350906,11.303455802505272,0.02076408474917797,3274.924213122247,99.99898265140867,16.972155859617526,3.355854828898268,63.29264566907873,1.522657260109153,False,False
Permeate Polishing (B),5,1,18,25.0,15.0,18.83179666804843,5.64953900041453,0.028729403808030265,2514.524784280473,99.99859238589868,8.482791291913708,6.818378245268532,64.85839220248526,1.5129769305505738,False,False
Permeate Polishing (B),5,2,21,25.0,15.0,37.65555233188733,11.296665699566198,0.033121173943683774,3273.7278208062726,99.99837720852798,14.53882329416499,3.4099171242804664,64.85839220248526,1.5129769305505738,False,False
Permeate Polishing (B),6,1,21,25.0,15.0,18.82020309720432,5.646060929161297,0.04139866379104317,2514.162743140724,99.99797164802592,7.266487682318271,6.8442440340030135,73.368159432906,1.5008049187797807,False,False
Permeate Polishing (B),6,2,24,25.0,15.0,37.62899838547031,11.288699515641092,0.04763752558362648,3272.325314078025,99.99766597130898,12.712499454550779,3.4231594858635193,73.368159432906,1.5008049187797807,False,False
Permeate Polishing (B),3,1,12,25.0,20.0,25.660877749612016,7.698263324883604,0.009423343067884043,2745.5228419471996,99.99953829774287,17.33843091190001,5.207681822227952,47.97095276440782,1.5303978752067136,False,False
Permeate Polishing (B),3,2,15,25.0,20.0,51.31240940209969,15.393722820629906,0.01316581321157122,4192.019402151403,99.99935493320864,27.73643751464848,2.604315177482193,47.97095276440782,1.5303978752067136,False,False
Permeate Polishing (B),4,1,15,25.0,20.0,25.65358951210589,7.696076853631767,0.015260815435355063,2745.251682844041,99.9992522873378,13.866805141678858,5.5302082827027155,63.29264566907873,1.522657260109153,False,False
Permeate Polishing (B),4,2,18,25.0,20.0,51.29644409227316,15.388933227681948,0.01956197806064869,4190.638501360547,99.99904154933559,23.10650634787079,2.765682801437566,63.29264566907873,1.522657260109153,False,False
Permeate Polishing (B),5,1,18,25.0,20.0,25.642059771527308,7.692617931458193,0.024502272627641715,2744.82282704636,99.99879949668654,11.55047737456185,5.636445468844607,64.85839220248526,1.5129769305505738,False,False
Permeate Polishing (B),5,2,21,25.0,20.0,51.268363839480834,15.38050915184425,0.030821404307034787,4188.211927971012,99.99848988709911,19.794735073158623,2.81908882568567,64.85839220248526,1.5129769305505738,False,False
Permeate Polishing (B),6,1,21,25.0,20.0,25.628622147135736,7.688586644140721,0.03528345272870823,2744.323174131722,99.99827126640231,9.895220906230016,5.660998230604581,73.368159432906,1.5008049187797807,False,False
Permeate Polishing (B),6,2,24,25.0,20.0,51.23499130414098,15.370497391242298,0.044218943697157065,4185.33165277864,99.99783346674683,17.309118683831414,2.831728491306343,73.368159432906,1.5008049187797807,False,False
Permeate Polishing (B),3,1,12,25.0,25.0,32.47318631963009,9.741955895889026,0.008840049651758603,3022.4987943530423,99.99956687654817,21.94134210785817,4.523485106303349,47.97095276440782,1.6326933365075744,False,False
Permeate Polishing (B),3,2,15,25.0,25.0,64.92077956485797,19.47623386945739,0.016939897599393888,5818.22793428379,99.99917001971585,35.0923132783016,2.262634177464097,65.24588828860712,1.6326628662039848,False,False
Permeate Polishing (B),4,1,15,25.0,25.0,32.46485232609867,9.739455697829602,0.014114507920245222,3022.1232766099074,99.99930845135128,17.548568824918203,4.8451433680203015,63.29264566907873,1.6325077919798978,False,False
Permeate Polishing (B),4,2,18,25.0,25.0,64.90738591213388,19.472215773640162,0.021181346325427227,5815.999476788779,99.99896220743139,29.237561221681922,2.4234046978026607,63.29264566907873,1.6324672595027367,False,False
Permeate Polishing (B),5,1,18,25.0,25.0,32.451480461789586,9.735444138536876,0.022583018849857875,3021.520953277909,99.99889353165851,14.61778399179711,4.950708818679694,64.85839220248526,1.632219785013127,False,False
Permeate Polishing (B),5,2,21,25.0,25.0,64.87163283607983,19.46148985082395,0.03251206608327856,5810.059144986739,99.99840705212722,25.04696248497291,2.4765498181208105,64.85839220248526,1.632158330716782,False,False
Permeate Polishing (B),6,1,21,25.0,25.0,32.43584304277342,9.730752912832026,0.03249518119622169,3020.8168825463754,99.99840787941224,12.523491522306339,4.974654313007645,73.368159432906,1.6318859185905203,False,False
Permeate Polishing (B),6,2,24,25.0,25.0,64.82781816724383,19.44834545017315,0.046414675828812986,5802.795857485243,99.99772588555469,21.90128992136616,2.489010289880498,73.368159432906,1.631798549803696,False,False
Permeate Polishing (B),3,1,12,25.0,30.0,39.284902250609676,11.785470675182903,0.008769000597009791,3361.5964245518853,99.99957035763856,26.543852872033565,4.0766364065616845,47.97095276440782,1.8085078252130373,False,False
Permeate Polishing (B),4,1,15,25.0,30.0,39.2753925513451,11.782617765403531,0.013743883695644747,3361.0667697794,99.99932661030398,21.229941919646002,4.397767239535634,63.29264566907873,1.8082776919401606,False,False
Permeate Polishing (B),4,2,18,25.0,30.0,78.48976445716738,23.546929337150214,0.029721263005762,9488.397594654622,99.99854378917169,35.3557497554808,2.2005931076078653,71.480315797396,1.8082112899739007,False,False
Permeate Polishing (B),5,1,18,25.0,30.0,39.25982112568539,11.777946337705616,0.0218950890411798,3360.1998575777775,99.99892723718563,17.684604110669092,4.502964718707261,64.85839220248526,1.8079194666944858,False,False
Permeate Polishing (B),5,2,21,25.0,30.0,78.44580820639185,23.53374246191755,0.04124597759356852,9469.005675567787,99.99797912897631,30.287956836444724,2.2536014789546734,64.85839220248526,1.8078193595265613,False,False
Permeate Polishing (B),6,1,21,25.0,30.0,39.241532540806254,11.772459762241876,0.031476911818751084,3359.1822396576467,99.99845777012158,15.15117086517616,4.526597633898762,73.368159432906,1.807503888095162,False,False
Permeate Polishing (B),6,2,24,25.0,30.0,78.3822490158217,23.51467470474651,0.05793316715707261,9441.105100037474,99.99716153027158,26.480489532372196,2.2662098954818144,73.368159432906,1.8073617367609196,False,False
Permeate Polishing (B),3,1,12,25.0,35.0,46.095743604022985,13.828723081206896,0.009108777482826137,3786.335138821449,99.99955371006943,31.145772705420935,3.761921107178114,47.97095276440782,2.0032445302026725,False,False
Permeate Polishing (B),3,2,15,25.0,35.0,76.32711625373145,22.898134876119435,1.222921475381602,8617.735807642614,99.94008224030468,41.257900677692675,2.2719127791830744,99.72523637337117,2.0031607413505075,False,False
Permeate Polishing (B),4,1,15,25.0,35.0,46.084962772226106,13.825488831667831,0.013915364871030964,3785.5739178788467,99.99931820848256,24.910790687689786,4.08270277558414,63.29264566907873,2.0029590596306277,False,False
Permeate Polishing (B),5,1,18,25.0,35.0,46.06674102102758,13.820022306308275,0.02204456884464909,3784.287994874008,99.99891991333442,20.750784243706118,4.187692552290342,64.85839220248526,2.002513294324391,False,False
Permeate Polishing (B),5,2,21,25.0,35.0,91.40287329748602,27.42086198924581,0.1863841466883062,23738.508342999907,99.9908679986924,35.29068467084403,2.1105829753751415,95.23813005978641,2.002354234447061,False,False
Permeate Polishing (B),6,1,21,25.0,35.0,46.04521580150439,13.813564740451318,0.031655826633236815,3782.770062609615,99.9984490040846,17.778075599036445,4.2111682361676035,73.368159432906,2.0019957368378676,False,False
Permeate Polishing (B),6,2,24,25.0,35.0,91.400160450703,27.4200481352109,0.18699925712215426,23731.013476243043,99.99083786099352,30.878432584696963,2.1214858842109012,92.75381653750603,2.0017701814438085,False,False
Permeate Polishing (B),3,1,12,30.0,15.0,18.845635988467297,5.653690796540189,0.013626435878454664,2514.9570905656456,99.99933236472913,12.73353783004547,7.587527424718177,62.85555245356412,1.6781107452745736,False,False
Permeate Polishing (B),3,2,15,30.0,15.0,37.68705386782265,11.306116160346793,0.015926632245546694,3275.3931958091,99.9992196652501,20.37138046909332,3.794188327913804,62.85555245356412,1.6781107452745736,False,False
Permeate Polishing (B),4,1,15,30.0,15.0,18.834464062864605,5.650339218859382,0.025816726516219305,2514.608095656166,99.99873509424222,10.180791385332219,7.7658400622372445,67.99658692227304,1.6643696001414185,False,False
Permeate Polishing (B),4,2,18,30.0,15.0,37.66181961300193,11.29854588390058,0.029698000219731225,3274.059015714259,99.99854492894563,16.96478360946033,3.8836529162193383,67.99658692227304,1.6643696001414185,False,False
Permeate Polishing (B),5,1,18,30.0,15.0,18.82061765378974,5.646185296136922,0.04094537421610295,2514.1756870276945,99.99799385721626,8.47775569990529,7.798131307444357,76.51707636931214,1.6460188159045404,False,False
Permeate Polishing (B),5,2,21,30.0,15.0,37.63017043686562,11.289051131059685,0.04699636340134628,3272.3871934303597,99.99769738542864,14.529023334697149,3.900212144871765,76.51707636931214,1.6460188159045404,False,False
Permeate Polishing (B),6,1,21,30.0,15.0,18.805870110885234,5.6417610332655705,0.057083104564525276,2513.7152991390385,99.99720317959017,7.2609537107665,7.797911007219037,80.47976368025489,1.6215636610417894,False,False
Permeate Polishing (B),6,2,24,30.0,15.0,37.59629168427699,11.278887505283096,0.06554561113599286,3270.5994761638467,99.99678855408447,12.701449893336822,3.9005576073698776,80.47976368025489,1.6215636610417894,False,False
Permeate Polishing (B),3,1,12,30.0,20.0,25.658071579711933,7.69742147391358,0.011670536266524872,2745.418432014281,99.99942819518537,17.33653485115671,6.162923341028999,62.85555245356412,1.6781107452745736,False,False
Permeate Polishing (B),3,2,15,30.0,20.0,51.30760064212277,15.392280192636834,0.015091922619967866,4191.60337878571,99.99926056234101,27.733838184931233,3.0819747219786793,62.85555245356412,1.6781107452745736,False,False
Permeate Polishing (B),4,1,15,30.0,20.0,25.645175341820416,7.693552602546124,0.022004223684277558,2744.938699487241,99.99892189006935,13.862256941524548,6.339307571344653,67.99658692227304,1.6643696001414185,False,False
Permeate Polishing (B),4,2,18,30.0,20.0,51.27649212744036,15.382947638232109,0.02756091123574954,4188.914051652206,99.99864963688213,23.097518976324487,3.1705104516278597,67.99658692227304,1.6643696001414185,False,False
Permeate Polishing (B),5,1,18,30.0,20.0,25.62913653783739,7.688740961351216,0.03487054230511508,2744.3422974636933,99.9982914971923,11.544656098124948,6.3697691335696,76.51707636931214,1.6460188159045404,False,False
Permeate Polishing (B),5,2,21,30.0,20.0,51.23681399777003,15.371044199331006,0.04348676538989649,4185.488861768727,99.99786934025528,19.782553667092674,3.186218464830046,76.51707636931214,1.6460188159045404,False,False
Permeate Polishing (B),6,1,21,30.0,20.0,25.612027886453646,7.683608365936094,0.04861285435783262,2743.706396709951,99.99761818449986,9.88881385577361,6.367709141129131,80.47976368025489,1.6215636610417894,False,False
Permeate Polishing (B),6,2,24,30.0,20.0,51.194071891370044,15.358221567411013,0.06067004653871891,4181.805406896607,99.99702743525043,17.295294557895282,3.18571932393832,80.47976368025489,1.6215636610417894,False,False
Permeate Polishing (B),3,1,12,30.0,25.0,32.47007166468368,9.741021499405104,0.010810950729115356,3022.358441641001,99.99947031108628,21.939237611272755,5.336165510792549,62.85555245356412,1.6781107452745736,False,False
Permeate Polishing (B),3,2,15,30.0,25.0,64.9219820030995,19.47659460092985,0.01655919984348757,5818.42808114073,99.99918867222716,35.09296324491865,2.6688291269631206,62.85555245356412,1.6781107452745736,False,False
Permeate Polishing (B),4,1,15,30.0,25.0,32.455139778840234,9.73654193365207,0.020264849931818835,3021.685760147959,99.99900711171328,17.5433187993731,5.511603834539308,67.99658692227304,1.6643696001414185,False,False
Permeate Polishing (B),4,2,18,30.0,25.0,64.88298119343293,19.464894358029877,0.028914237974686192,5811.943350950788,99.99858332983955,29.226568105149966,2.75696137207811,67.99658692227304,1.6643696001414185,False,False
Permeate Polishing (B),5,1,18,30.0,25.0,32.436489220299514,9.730946766089854,0.03208539638730155,3020.8459700662497,99.99842795706088,14.611031180315095,5.541219849821879,76.51707636931214,1.6460188159045404,False,False
Permeate Polishing (B),5,2,21,30.0,25.0,64.83112448536555,19.449337345609663,0.04536490932705617,5803.343324326286,99.99777731948421,25.03132219512183,2.772398587142039,76.51707636931214,1.6460188159045404,False,False
Permeate Polishing (B),6,1,21,30.0,25.0,32.41655820794398,9.724967462383194,0.04473251674941888,3019.949036536898,99.99780830393192,12.51604564013281,5.538323516678906,80.47976368025489,1.631472868506492,False,False
Permeate Polishing (B),6,2,24,30.0,25.0,64.77456895524037,19.43237068657211,0.06333623128875833,5793.992901423465,99.9968968039545,21.88330032271634,2.771664706513222,80.47976368025489,1.6313542707168234,False,False
Permeate Polishing (B),3,1,12,30.0,30.0,39.28150108388578,11.784450325165734,0.010548002765760425,3361.4069731959644,99.99948319437698,26.54155478640931,4.796217549664434,62.85555245356412,1.8084162286535883,False,False
Permeate Polishing (B),3,2,15,30.0,30.0,78.50862551389775,23.552587654169326,0.024780114281501314,9496.742736453221,99.99878588367068,42.43709487237716,2.3997697532272304,74.97230170525577,1.808364048839971,False,False
Permeate Polishing (B),4,1,15,30.0,30.0,39.26414988005792,11.779244964017376,0.01962845850063178,3360.4408088831424,99.99903829208718,21.223864800031308,4.971127404884968,67.99658692227304,1.8080146596267777,False,False
Permeate Polishing (B),4,2,18,30.0,30.0,78.46565057641949,23.539695172925846,0.03604198671741781,9477.749614231387,99.9982341015817,35.344887647035804,2.4875482464542826,67.99658692227304,1.8079260788930986,False,False
Permeate Polishing (B),5,1,18,30.0,30.0,39.24235706324057,11.772707118972171,0.031044732739389756,3359.2281047497563,99.99847894499072,17.676737415874133,5.000304968866538,76.51707636931214,1.8075181195555445,False,False
Permeate Polishing (B),5,2,21,30.0,30.0,78.39126484359194,23.517379453077584,0.055564453749036256,9445.052787907658,99.99727758678348,30.266897623008475,2.503132886104936,76.51707636931214,1.8073800919899206,False,False
Permeate Polishing (B),6,1,21,30.0,30.0,39.21901565307745,11.765704695923235,0.043286316944370073,3357.9301906056094,99.99787916134521,15.14247708613029,4.996984905073476,80.47976368025489,1.806989952451949,False,False
Permeate Polishing (B),6,2,24,30.0,30.0,78.30700680658576,23.49210204197573,0.07772269799454665,9408.287364886093,99.99619193052453,26.455069867089787,2.502672968899462,80.47976368025489,1.8067972537964185,False,False
Permeate Polishing (B),3,1,12,30.0,35.0,46.092157088319595,13.82764712649588,0.010707560464977634,3786.0818656726137,99.99947537675331,31.14334938399973,4.4159263974417735,62.85555245356412,2.003131646731343,False,False
Permeate Polishing (B),4,1,15,30.0,35.0,46.07191010873251,13.821573032619753,0.019737849104766347,3784.652693078969,99.99903293242994,24.903735193909466,4.590526193548934,67.99658692227304,2.00263215161279,False,False
Permeate Polishing (B),4,2,18,30.0,35.0,91.69170985460948,27.507512956382843,0.1211016321350997,24564.48828974909,99.99406655403553,41.302572006580846,2.3065805019485777,93.08835389607528,2.002491610492697,False,False
Permeate Polishing (B),5,1,18,30.0,35.0,46.04628961129943,13.813886883389829,0.031176145269040438,3782.8457576650717,99.99847250635624,20.741571896981725,4.61947726725106,76.51707636931214,2.00201388622244,False,False
Permeate Polishing (B),5,2,21,30.0,35.0,91.60223259821468,27.480669779464407,0.14128116753403808,24302.537634733915,99.99307784578471,35.36765737382807,2.3221026613362485,89.9630938799212,2.001795247811225,False,False
Permeate Polishing (B),6,1,21,30.0,35.0,46.01877010592971,13.805631031778914,0.04347644272569163,3780.906801643601,99.99786984602031,17.76786490576437,4.615948476648201,80.47976368025489,2.001355967529961,False,False
Permeate Polishing (B),6,2,24,30.0,35.0,91.35865967219823,27.407597901659468,0.19641369080158796,23616.94461354262,99.99037659525715,30.86441205141832,2.325124651892552,89.90801620425769,2.0010506842649667,False,False
Permeate Polishing (B),3,1,12,35.0,15.0,18.84099522247326,5.652298566741979,0.018688470633399498,2514.81210803524,99.9990843473477,12.7304021773468,8.661351855704822,71.79879985773215,1.8365052364200756,False,False
Permeate Polishing (B),3,2,15,35.0,15.0,37.67676308307255,11.303028924921765,0.02154050813983354,3274.8489731916247,99.99894461008624,20.365817882741922,4.33127677591847,71.79879985773215,1.8365052364200756,False,False
Permeate Polishing (B),4,1,15,35.0,15.0,18.825637927168685,5.647691378150606,0.03545762970693655,2514.332447779254,99.99826273249843,10.176020501172264,8.737904121120579,75.97591898926225,1.8128150865168324,False,False
Permeate Polishing (B),4,2,18,35.0,15.0,37.64180036705508,11.292540110116525,0.040636458507368335,3273.0013305694056,99.9980089927238,16.955765931105894,4.37005184721457,75.97591898926225,1.8128150865168324,False,False
Permeate Polishing (B),5,1,18,35.0,15.0,18.808646073837355,5.642593822151207,0.054043530085049106,2513.801946202087,99.99735210533636,8.472363096323134,8.742521797660727,82.34737717293369,1.7791389838527194,False,False
Permeate Polishing (B),5,2,21,35.0,15.0,37.60286132677354,11.280858398032064,0.06194599724213599,3270.945991964706,99.9969649192924,14.518479276746543,4.372938454232202,82.34737717293369,1.7791389838527194,False,False
Permeate Polishing (B),3,1,12,35.0,20.0,25.65274292236713,7.695822876710139,0.01593910169578092,2745.220188892812,99.99921905430202,17.332934407004817,6.991030577706159,71.79879985773215,1.8365052364200756,False,False
Permeate Polishing (B),3,2,15,35.0,20.0,51.29524746801233,15.388574240403699,0.0200415407414929,4190.535037215569,99.99901805287891,27.727160793520177,3.496212983164562,71.79879985773215,1.8365052364200756,False,False
Permeate Polishing (B),4,1,15,35.0,20.0,25.634975382375657,7.690492614712697,0.030184761138338134,2744.559384789342,99.99852107980703,13.856743449932786,7.065147117733814,75.97591898926225,1.8128150865168324,False,False
Permeate Polishing (B),4,2,18,35.0,20.0,51.2516357935102,15.375490738053058,0.03753476512960483,4186.767691678087,99.99816096202207,23.086322429509096,3.5338359377575723,75.97591898926225,1.8128150865168324,False,False
Permeate Polishing (B),5,1,18,35.0,20.0,25.615277764968315,7.684583329490494,0.04600101741176787,2743.8271669049896,99.99774615299305,11.538413407643384,7.067314468659519,82.34737717293369,1.7791389838527194,False,False
Permeate Polishing (B),5,2,21,35.0,20.0,51.202657983673085,15.360797395101924,0.0572159431064228,4182.544826383082,99.99719667108738,19.769366016862193,3.535582532157182,82.34737717293369,1.7791389838527194,False,False
Permeate Polishing (B),3,1,12,35.0,25.0,32.463942860259,9.739182858077701,0.014690258961164071,3022.0823029979933,99.99928024208911,21.935096527202028,6.021749491508116,71.79879985773215,1.8365052364200756,False,False
Permeate Polishing (B),3,2,15,35.0,25.0,64.90754019778163,19.472262059334486,0.021132477804696584,5816.025137398471,99.99896460177341,35.085156863665745,3.0118185162375717,71.79879985773215,1.8365052364200756,False,False
Permeate Polishing (B),4,1,15,35.0,25.0,32.44331200440401,9.732993601321201,0.02775960430458219,3021.15312994328,99.99863990179792,17.536925407785947,6.094726876792509,75.97591898926225,1.8128150865168324,False,False
Permeate Polishing (B),4,2,18,35.0,25.0,64.85111581612054,19.45533474483616,0.039019878587265966,5806.655723396791,99.9980881980114,29.212214331585827,3.0490319735756053,75.97591898926225,1.8128150865168324,False,False
Permeate Polishing (B),5,1,18,35.0,25.0,32.420385379918756,9.726115613975628,0.04230279836286598,3020.1212255259984,99.99792734941877,14.603777198161604,6.095777262770844,82.34737717293369,1.7791389838527194,False,False
Permeate Polishing (B),5,2,21,35.0,25.0,64.78668477791251,19.43600543337375,0.05948361592019944,5795.993503210596,99.99708556511905,25.014164006916022,3.050433105608662,82.34737717293369,1.7791389838527194,False,False
Permeate Polishing (B),3,1,12,35.0,30.0,39.27444066196229,11.782332198588685,0.014241985652674899,3361.013762225396,99.99930220550452,26.5367842310556,5.388755360554339,71.79879985773215,1.8365052364200756,False,False
Permeate Polishing (B),3,2,15,35.0,30.0,78.50098601334781,23.550295804004346,0.0267811958230445,9493.360847917807,99.99868783949911,42.43296541262044,2.6960215839064308,71.79879985773215,1.8365052364200756,False,False
Permeate Polishing (B),4,1,15,35.0,30.0,39.250377111966486,11.775113133589947,0.026841916551409415,3359.674294947047,99.99868486445118,21.216420060522427,5.4611291566289974,75.97591898926225,1.8128150865168324,False,False
Permeate Polishing (B),4,2,18,35.0,30.0,78.42268393207986,23.52680517962396,0.047314025115100605,9458.835791472737,99.99768182140544,35.32553330273868,2.73328287310963,75.97591898926225,1.8128150865168324,False,False
Permeate Polishing (B),5,1,18,35.0,30.0,39.22355684768083,11.767067054304249,0.040903510540527654,3358.182628544311,99.99799590835177,17.66826885030668,5.461607517216469,82.34737717293369,1.807088807866725,False,False
Permeate Polishing (B),5,2,21,35.0,30.0,78.32828572885899,23.498485718657694,0.07212225106152562,9417.545295874084,99.9964663277285,30.242581362493816,2.7349465258670067,82.34737717293369,1.806908673479775,False,False
Permeate Polishing (B),3,1,12,35.0,35.0,46.08401502460106,13.825204507380317,0.01433802160530008,3785.507013171037,99.99929750016634,31.137847989595308,4.942949822560602,71.79879985773215,2.0029238524174318,False,False
Permeate Polishing (B),3,2,15,35.0,35.0,91.65064326818407,27.49519298045522,0.13035836326381506,24443.56602880033,99.99361301502871,49.54088825307247,2.4854268968105333,95.6227374291239,2.002820454079115,False,False
Permeate Polishing (B),4,1,15,35.0,35.0,46.05578974632364,13.816736923897091,0.026933316138194795,3783.5155729422363,99.99868038627446,24.895021484499264,5.01499666679189,75.97591898926225,2.002237768064782,False,False
Permeate Polishing (B),4,2,18,35.0,35.0,91.74629348934059,27.523888046802178,0.10881087925161355,24727.07464719781,99.99466874672946,41.3271592294327,2.517481887059732,88.37609060783053,2.002050604662836,False,False
Permeate Polishing (B),5,1,18,35.0,35.0,46.02421234176983,13.80726370253095,0.041042778689112006,3781.290091230709,99.9979890848266,20.7316271809774,5.015184096998913,82.34737717293369,2.001479475369581,False,False
Permeate Polishing (B),5,2,21,35.0,35.0,91.50924451826671,27.452773355480012,0.16229430423840216,24036.15897429752,99.9920482947458,35.331754640257415,2.5223669917553506,88.02759494295202,2.0011944294541064,False,False
