Electricity_Rate_KES_kWh,Static_Opt_B_minus_A_KES,Condition_Maint_C_minus_B_KES,Prediction_Value_D_minus_C_KES,MPC_Value_E_minus_D_KES,Total_Integrated_E_minus_A_KES,Case_E_Net_Benefit_KES
5.0,201110.5269204192,4069576.3845739523,451710.05394025147,3320.9414638187736,4725717.906898442,12403727.488729851
10.0,121644.22514787968,3974165.162937169,435951.85136557557,3012.8630411420017,4534774.102491766,11886791.584161054
13.74,62203.43142201938,3902797.5691528553,424164.71583971754,2782.4203809797764,4391948.136795572,11500123.527543593
20.0,-37288.37839720026,3783342.7196636014,404435.4462162256,2396.706195788458,4152886.493678415,10852919.77502346
30.0,-196220.98194228113,3592520.2763900347,372919.0410668757,1780.5493504349142,3770998.884865064,9819047.965885866
50.0,-514086.18903244194,3210875.3898429004,309886.23076817393,548.2356597268954,3007223.6672383593,7751304.347610677
75.0,-911417.6978951422,2733819.281658983,231095.2178947972,-992.1564536560327,2052504.6452049818,5166624.824766692
100.0,-1308749.2067578435,2256763.1734750643,152304.20502142236,-2532.5485670417547,1097785.6231716014,2581945.301922705
150.0,-2103412.224483244,1302650.9571072292,-5277.82072532922,-5613.3327938094735,-811652.4208951537,-2587413.7437652647
