Threshold,True Crossing Time (h),Forecast Lead Time (h),Evaluation Time (h),Predicted Threshold Time (h),Prediction Error (h),Relative Error (%)
t5 (5% Decline),5.0,1.0,4.0,4.2060522895466566,-0.7939477104533434,15.87895420906687
t5 (5% Decline),5.0,3.0,2.0,3.9896794474750377,-1.0103205525249623,20.206411050499245
t10 (10% Decline),10.0,1.0,9.0,9.423490699367422,-0.5765093006325781,5.765093006325781
t10 (10% Decline),10.0,3.0,7.0,9.498077732733202,-0.5019222672667976,5.019222672667976
t10 (10% Decline),10.0,6.0,4.0,9.484367569273804,-0.5156324307261961,5.156324307261961
t15 (15% Decline),17.0,1.0,16.0,16.0,-1.0,5.88235294117647
t15 (15% Decline),17.0,3.0,14.0,15.926777081130428,-1.0732229188695719,6.313075993350423
t15 (15% Decline),17.0,6.0,11.0,15.899878721528303,-1.100121278471697,6.471301638068805
t15 (15% Decline),17.0,12.0,5.0,16.004703950470848,-0.9952960495291521,5.85468264428913
