feed_flow_m3h,feed_tds_mgL,predicted_recovery_pct,predicted_permeate_tds_mgL,predicted_concentrate_tds_mgL,reconstructed_qp_m3h,reconstructed_qr_m3h,solute_in_kgh,solute_out_kgh,solute_error_kgh,solute_error_percent
38.2959,2911.17,60.73265075683594,8.440488815307617,7347.71435546875,23.258115201187135,15.037784798812869,111.48587520300002,110.68965710190781,0.796218101092208,0.7141874247678528
34.4198,2975.87,43.89198303222656,9.970477104187012,5232.759765625,15.10753277572632,19.312267224273683,102.42885022600001,101.20708422381887,1.2217660021811412,1.192794802914828
32.5326,2975.08,61.80849838256836,9.495014190673828,7668.9453125,20.107911544807433,12.42468845519257,96.78708760800001,95.47518119318468,1.3119064148153257,1.3554560295570761
26.6865,2137.51,56.15804672241211,8.460872650146484,5128.541015625,14.986617138576507,11.699882861423491,57.042660615,60.13012899188436,3.0874683768843596,5.412560255074209
37.0931,1743.97,71.41139221191406,5.300169467926025,6100.00537109375,26.488699124557495,10.604400875442504,64.689253607,64.8272968917756,0.13804328477560546,0.2133944621068682
33.951,1858.1,72.97895812988281,6.360526084899902,7142.64208984375,24.777086074676514,9.173913925323486,63.0843531,65.68357903390502,2.599225933905018,4.120238706077843
30.8462,1504.05,73.03461456298828,5.211181640625,5936.56982421875,22.52840327732849,8.31779672267151,46.39422711,49.49658062934871,3.1023535193487106,6.68693868311046
26.4411,1656.69,73.43073272705078,6.940349578857422,6511.3486328125,19.415893471092225,7.025206528907773,43.804705958999996,45.87832201530431,2.073616056304317,4.733774627422827
28.4273,1890.52,78.90962982177734,7.430912494659424,8941.72265625,22.43187719832611,5.9954228016738895,53.742379195999995,53.776097216076984,0.03371802007698932,0.06274009558456416
37.647,2221.29,64.68311309814453,6.982017993927002,6565.6279296875,24.35125158805847,13.295748411941528,83.62490462999999,87.46495799630398,3.840053366303991,4.591997304265256
33.3275,2810.28,57.53933334350586,9.384251594543457,6380.92236328125,19.176421320056917,14.151078679943083,93.6596067,90.47689077575171,3.182715924248285,3.3981734884311496
27.9636,2795.28,65.70001220703125,10.03564167022705,8322.1474609375,18.372088613525392,9.591511386474608,78.166091808,80.00634782956176,1.840256021561757,2.35428940989143
38.417,1830.52,75.00663757324219,5.598382472991943,7384.9697265625,28.81529995651245,9.60170004348755,70.32308684,71.06958321491994,0.7464963749199427,1.0615239012735331
24.6696,2777.44,78.7719497680664,13.449240684509277,13407.5908203125,19.43272491998291,5.236875080017089,68.518333824,70.47523364456514,1.9568998205651411,2.856023652868943
30.2812,2313.85,76.24019622802734,8.877930641174316,10027.4443359375,23.086446300201416,7.194753699798582,70.06615461999999,72.34995210451504,2.2837974845150484,3.2594874042982678
32.8191,2159.87,61.57403564453125,6.8261799812316895,5832.55322265625,20.208044332214357,12.611055667785642,70.884989517,73.69259712392092,2.807607606920925,3.9607928646834183
30.2344,1731.68,68.61819458007812,5.82257604598999,5652.62890625,20.746299422119144,9.488100577880857,52.35630579200001,53.75350849799483,1.3972027059948218,2.668642649360324
38.0415,2725.07,40.9024658203125,8.593937873840332,4587.048828125,15.55991153503418,22.481588464965817,103.665750405,103.2578649356645,0.40788546933549696,0.393462129721702
34.409,1566.51,67.84961700439453,4.978702545166016,4815.64697265625,23.346374715042113,11.062625284957885,53.90204259,53.38993261835211,0.5121099716478881,0.9500752606783321
24.6539,2441.01,69.10238647460938,10.163996696472168,8003.1787109375,17.03643325906372,7.61746674093628,60.180416439000005,61.13710590370049,0.9566894647004816,1.5897023006981017
38.7369,2199.06,47.81392288208008,6.520923137664795,4157.65087890625,18.521631492908476,20.215268507091523,85.184767314,84.16880701118431,1.0159603028156852,1.1926549016337027
32.2263,1784.74,67.26227569580078,5.871433734893799,5366.130859375,21.676142752555847,10.550157247444155,57.515566662000005,56.74079441256862,0.7747722494313862,1.3470653153510022
24.8855,2069.88,63.57825469970703,8.758630752563477,5952.6826171875,15.821766573295593,9.063733426704408,51.50999874,54.09210542723337,2.5821066872333702,5.012826151028887
28.1085,2619.38,78.67060852050781,10.765637397766113,12467.0771484375,22.11312799598694,5.99537200401306,73.62684273,74.98282722534834,1.3559844953483378,1.841698550514958
39.8251,2862.36,68.86554718017578,8.261679649353027,9236.755859375,27.425773030052184,12.399326969947815,113.99377323600001,114.7561389928821,0.7623657568820903,0.668778421171982
33.9576,2907.99,70.04402160644531,10.137648582458496,9603.1357421875,23.785268681030274,10.172331318969725,98.74836122399999,97.92740516589912,0.8209560581008759,0.8313617035513386
36.4347,2905.2,68.11475372314453,8.594693183898926,8948.072265625,24.81740617476654,11.61729382523346,105.85009043999999,104.16568267088041,1.6844077691195736,1.591314435460367
32.2166,2066.25,59.96074676513672,6.619629383087158,5504.65234375,19.317313942337037,12.899286057662962,66.56754975000001,71.13395868899113,4.566408938991117,6.859812260088657
25.9608,2261.12,65.43388366699219,8.982938766479492,6810.142578125,16.987159671020507,8.973640328979492,58.70048409599999,61.26436470030405,2.5638806043040603,4.367733322456143
39.6128,1756.37,57.55610656738281,5.020359516143799,4211.03125,22.79958538232422,16.81321461767578,69.574733536,70.9154342834278,1.3407007474278032,1.9269937221305857
24.9003,2596.56,76.91566467285156,12.041219711303711,11325.8583984375,19.152231250534058,5.7480687494659435,64.655122968,65.33242894538436,0.6773059773843642,1.0475673794937883
35.2982,1532.79,71.85710144042969,4.867061138153076,5601.0146484375,25.364263380645752,9.933936619354249,54.104727978,55.763573942250666,1.6588459642506663,3.065990766879346
25.2819,2591.54,61.99626541137695,10.689003944396973,6676.04931640625,15.673833825038908,9.608066174961092,65.519055126,64.31146129091468,1.2075938350853193,1.8431185137865465
25.0705,2965.08,71.99071502685547,11.608977317810059,10980.1201171875,18.0484322108078,7.022067789192199,74.33603813999999,77.31267163652093,2.9766334965209467,4.004293975036624
29.0842,1575.1,74.22268676757812,5.674701690673828,6030.86474609375,21.587074664855958,7.497125335144041,45.810523419999996,45.33664908986385,0.4738743301361481,1.0344224312644803
32.3774,2311.04,59.39487075805664,8.075194358825684,5594.2509765625,19.23051488481903,13.146885115180972,74.825466496,73.70226503967135,1.1232014563286583,1.5010951604140044
24.2837,2776.15,76.0461654663086,12.09167766571045,11375.4677734375,18.466822683341977,5.816877316658022,67.415193755,66.39299532507974,1.022198429920266,1.51627307285526
31.3446,2496.99,54.81538391113281,8.829423904418945,5392.10693359375,17.181662825408935,14.162937174591065,78.267152754,76.51977592363349,1.7473768303665054,2.2325800401333784
38.9182,2189.94,70.30018615722656,6.3074049949646,7318.10400390625,27.359567049041747,11.558632950958252,85.228522908,84.75984594795548,0.46867696004451886,0.5499062333280521
28.5473,1684.98,60.18317413330078,6.419973850250244,4437.28125,17.180671269355773,11.366628730644226,48.101629554,50.54722800247794,2.445598448477938,5.084232012831193
37.3142,2909.29,71.00074005126953,8.65657901763916,10050.2041015625,26.493358144210813,10.820841855789187,108.557828918,108.98101104962963,0.4231821316296305,0.3898218450456341
38.437,1948.7,69.57649993896484,5.966880798339844,6633.3662109375,26.743119281539915,11.693880718460083,74.9021819,77.72936623749538,2.827184337495382,3.774501978153165
32.6018,2622.37,75.65933227539062,9.198043823242188,10552.0478515625,24.666304189758296,7.935495810241701,85.49398226599999,83.96261326243899,1.5313690035609966,1.7912009277991077
28.3811,2948.99,81.78118133544922,12.51317024230957,15814.001953125,23.210398855995177,5.170701144004823,83.69558008899999,82.05991366259492,1.6356664264050664,1.9543044264293714
33.2876,2095.76,63.93617248535156,6.816282272338867,6248.005859375,21.282817352233884,12.004782647766113,69.762820576,75.15102201438945,5.3882014383894585,7.723600327368533
34.954,2090.85,54.20121383666992,6.624610424041748,4419.55419921875,18.945492284469605,16.008507715530396,73.0835709,70.87597400307442,2.2075968969255797,3.0206472805580713
35.6064,1820.01,61.30350875854492,5.432403087615967,4780.10888671875,21.827972542602538,13.778427457397463,64.804004064,65.98096187955208,1.1769578155520861,1.8161807014111822
37.198,2882.01,57.144466400146484,8.720757484436035,6630.642578125,21.256598611526492,15.941401388473508,107.20500798,105.88710844282855,1.3178995371714564,1.2293264671155304
22.5535,2794.18,65.77438354492188,12.56412124633789,8886.107421875,14.834425592803955,7.719074407196045,63.018538629999995,68.77890590155789,5.760367271557897,9.140750320121946
33.2527,1748.95,62.75654983520508,5.913173198699951,4691.1748046875,20.868247247051237,12.38445275294876,58.15730966499999,58.22103028480108,0.06372061980108867,0.10956596886639819
26.9551,2035.35,57.25066375732422,7.872348308563232,5134.3359375,15.431973666450501,11.5231263335495,54.863062785000004,59.285087518486684,4.42202473348668,8.060112777181109
31.1714,2051.36,64.14715576171875,6.702491760253906,5815.97412109375,19.9955665111084,11.175833488891598,63.943763104,65.13237847282872,1.1886153688287209,1.8588448835823477
37.5986,2019.05,70.81564331054688,6.112603187561035,6965.3955078125,26.625690465759273,10.972909534240724,75.91345333,76.5934070578453,0.6799537278453016,0.8956959511372838
33.2056,2279.89,73.32984924316406,7.485520362854004,8750.9287109375,24.349616420288083,8.855983579711914,75.705115384,77.6803505208338,1.9752351368338026,2.6091171340467456
30.557,2853.39,64.52672576904297,9.516264915466309,8268.1533203125,19.71743159324646,10.83956840675354,87.19103822999999,89.81084981554767,2.61981158554768,3.004679883082613
23.3063,2321.1,79.00624084472656,11.071942329406738,11299.6962890625,18.413431509994506,4.892868490005494,54.09625293,55.49180037115106,1.3955474411510593,2.5797488098794634
32.0476,2748.97,63.736663818359375,9.52468490600586,7149.38525390625,20.42607107385254,11.621528926147462,88.097890972,83.28133942328972,4.8165515487102795,5.467272253136135
38.5945,2711.35,68.4140396118164,8.058680534362793,8449.4248046875,26.40405651798248,12.190443482017518,104.64319757499999,103.21501739338956,1.4281801816104291,1.3648093853275292
32.4759,2894.06,66.380615234375,9.749321937561035,8057.34326171875,21.557702222900392,10.91819777709961,93.987203154,88.18184026863132,5.80536288536868,6.176758846474526
22.9574,1993.24,71.66120147705078,8.84217643737793,7250.23388671875,16.451548667892457,6.505851332107543,45.759607976,47.31441128599004,1.5548033099900422,3.3977636145954433
24.5317,2433.87,80.8621597290039,12.09548568725586,13381.041015625,19.83686243824005,4.69483756175995,59.706968679,63.061750461308556,3.3547817823085566,5.6187441039667
36.3957,2325.27,64.78663635253906,6.854376316070557,6584.89306640625,23.579549806961058,12.81615019303894,84.62982933899998,84.55460165190368,0.07522768709630157,0.08889027389499222
37.7505,2782.42,67.64578247070312,8.682509422302246,8425.908203125,25.536621111602784,12.213878888397218,105.03774621000001,103.13474427113663,1.9030019388633832,1.811731503700343
37.1662,2191.44,61.783592224121094,6.317885875701904,5782.06591796875,22.962613453201296,14.203586546798707,81.44749732800001,82.27114885636945,0.8236515283694388,1.0112668349433542
30.7743,1996.8,60.42283248901367,6.822334289550781,5038.48876953125,18.59470373866653,12.179596261333469,61.45012224,61.49361826507383,0.04349602507382855,0.07078265020198038
27.0099,2646.39,68.27742004394531,10.189225196838379,8294.9521484375,18.441662876449584,8.568237123550414,71.47872926099998,71.26102319236877,0.217706068631216,0.30457462084458203
38.1616,2173.19,46.931671142578125,6.730339050292969,3992.6796875,17.909876614746093,20.251723385253907,82.932407504,80.97918413913816,1.9532233648618416,2.3551991599515953
34.25,2331.61,67.82042694091797,7.239250183105469,7223.86279296875,23.228496227264404,11.021503772735596,79.8576425,79.78598792199585,0.07165457800414288,0.08972789048229526
29.7512,2586.75,57.952022552490234,9.234492301940918,6026.2080078125,17.241422133636476,12.509777866363525,76.9589166,75.54573933420302,1.4131772657969748,1.8362748960488549
26.9125,2863.36,78.95355224609375,12.73503303527832,14325.3779296875,21.24837474822998,5.66412525177002,77.06017600000001,81.41133362705658,4.3511576270565655,5.646441330547396
34.2302,2972.49,50.631534576416016,9.776026725769043,5751.78857421875,17.331275548576357,16.898924451423646,101.748927198,97.36847158923894,4.380455608761068,4.3051614689134245
35.9344,1935.5,57.5914306640625,5.825451374053955,4748.81201171875,20.695135060546875,15.239264939453122,69.5510312,72.4889628972141,2.937931697214097,4.224138228469712
22.4065,2611.7,67.6834487915039,11.479619979858398,8663.3515625,15.165491953468324,7.241008046531677,58.519056049999996,62.90549245842869,4.386436408428693,7.495740199023072
39.3365,1626.07,69.53582763671875,4.681893348693848,5469.64501953125,27.352960838317873,11.983539161682128,63.963902555,65.67376893746834,1.7098663824683413,2.6731739530715717
25.643,2581.21,72.51065063476562,10.225519180297852,9137.376953125,18.59390614227295,7.049093857727051,66.18996803,64.60036009990462,1.589607930095383,2.401584375104861
37.9545,2017.83,71.08743286132812,5.973605155944824,6985.677734375,26.980879705352784,10.973620294647219,76.585728735,76.81934807992253,0.23361934492253056,0.30504292220146434
38.1019,2339.46,69.39873504638672,6.862793922424316,7179.4716796875,26.442236628639222,11.659663371360779,89.13787097400001,83.89169059020472,5.246180383795291,5.8854674522409365
31.3321,2214.12,64.4686050415039,7.5380473136901855,6038.06103515625,20.199367800209043,11.132732199790958,69.373029252,67.3723803005717,2.000648951428289,2.8839002318334126
31.5251,2621.37,60.18099594116211,9.088261604309082,6504.63330078125,18.972119151447295,12.552980848552703,82.63895138699999,81.82496083360165,0.8139905533983409,0.9849962272468895
36.9793,2235.64,70.66364288330078,6.762551784515381,7612.02734375,26.130920492744448,10.848379507255554,82.672402252,82.75487314761567,0.08247089561567122,0.09975625888344875
38.7153,1577.07,61.84568786621094,4.516815185546875,4184.19384765625,23.943743594467165,14.771556405532834,61.056738171,61.91520489700409,0.8584667260040888,1.4060147196199766
30.7809,1949.84,70.8349609375,7.188960075378418,7306.5048828125,21.803638491210936,8.977261508789063,60.017830056,65.74915053486329,5.731320478863289,9.549363036810304
38.1922,2194.63,69.94437408447266,6.3590168952941895,7232.140625,26.713295239089966,11.478904760910034,83.81774788599999,83.18692374763772,0.6308241383622715,0.7526140397141803
26.9218,2651.38,74.38338470458984,10.81692886352539,10832.1650390625,20.025346063400267,6.896453936599734,71.379922084,74.92013996937587,3.540217885375867,4.959683034130709
39.314,2356.29,74.66160583496094,6.896782875061035,9266.2119140625,29.352463717956546,9.961536282043454,92.63518506,92.50814374814777,0.12704131185222423,0.1371415318811522
39.6781,2435.29,47.49274826049805,7.285794734954834,4507.900390625,18.844220147548675,20.833879852451325,96.62768014900001,94.054350245035,2.5733299039650177,2.663139485494156
27.6096,1643.05,70.84750366210938,5.982560634613037,5466.9638671875,19.56071237109375,8.04888762890625,45.363953280000004,44.120000986099235,1.2439522939007688,2.742160248298291
36.5671,1750.36,66.31861114501953,5.226876258850098,5335.537109375,24.25079285601044,12.316307143989562,64.005589156,65.84086971065409,1.8352805546540907,2.8673754571354464
36.9705,2844.69,75.47880554199219,8.833252906799316,11476.4052734375,27.904891802902224,9.065608197097777,105.16961164500002,104.28708468672306,0.882526958276955,0.8391463508070416
26.7211,2118.48,67.86721801757812,8.809581756591797,7030.26806640625,18.13486719369507,8.586232806304931,56.608115928,60.52327890408307,3.9151629760830744,6.916257345612385
28.6473,2521.38,65.92315673828125,9.164278030395508,7454.80712890625,18.885204480285648,9.762095519714354,72.23072927400001,72.94760853794854,0.7168792639485275,0.9924851530006268
20.0427,2310.63,68.94894409179688,11.377857208251953,7543.56689453125,13.819230017486571,6.2234699825134285,46.311263901000004,47.10439535506423,0.7931314540642234,1.7126102534357677
36.5628,2134.78,72.41499328613281,7.021780967712402,8104.54345703125,26.47694916522217,10.085850834777833,78.05353418400001,81.92713172932332,3.8735975453233067,4.962744590388253
26.9759,2858.15,69.36192321777344,10.55150318145752,9506.537109375,18.711003045303343,8.264896954696656,77.10116858500001,78.76797881314498,1.6668102281449677,2.161848203775792
23.5911,2345.2,70.24811553955078,9.868103981018066,8277.70703125,16.572303185050966,7.0187968149490345,55.32584772,58.263080957053766,2.9372332370537677,5.30897104716567
38.0478,2097.64,73.91754150390625,6.3795576095581055,8120.84130859375,28.12399835632324,9.92380164367676,79.810587192,80.76903699398608,0.9584498019860774,1.2009055887288973
33.2741,2454.44,64.33211517333984,8.116842269897461,6670.76025390625,21.40593233489227,11.868167665107727,81.669282004,79.34344972349838,2.325832280501615,2.8478666928744403
36.5337,2602.11,64.90008544921875,8.149242401123047,7318.431640625,23.71040251776123,12.823297482238772,95.06470610700002,94.03964784870855,1.025058258291466,1.0782742620986092
21.6339,1783.76,71.01830291748047,8.284745216369629,6359.66064453125,15.364028634864807,6.269871365135193,38.589685464,40.00154122986057,1.4118557658605724,3.6586350701865165
35.8375,2690.06,67.36968231201172,8.499249458312988,8461.947265625,24.143609898567195,11.693890101432803,96.40502525,99.15828393169068,2.7532586816906814,2.8559285935052245
36.5517,2372.93,71.25656127929688,7.35421895980835,8057.353515625,26.04548450912475,10.506215490875245,86.73462548099998,84.8438365173119,1.890788963688081,2.179970171315579
33.5151,2878.69,61.53608703613281,9.592568397521973,7269.92822265625,20.623881106246948,12.891218893753049,96.47958321899999,93.91607205026881,2.563511168731182,2.6570504175087923
37.4492,1985.54,52.351375579833984,6.1446404457092285,4202.513671875,19.605171343643185,17.844028656356812,74.356884568,75.11024111845201,0.7533565504520112,1.0131631453212113
22.8733,2347.96,76.87213897705078,11.385940551757812,10770.20703125,17.58319496463776,5.290105035362242,53.705593468,57.17572766048678,3.470134192486782,6.461401817586153
27.2339,1978.13,74.36397552490234,7.862366676330566,7919.48388671875,20.252210730476378,6.981689269523621,53.872194607,55.45060597883884,1.5784113718388397,2.9299184548790325
37.0585,1901.44,74.1308364868164,6.06922721862793,7082.84375,27.47177603946686,9.586723960533142,70.46451424,68.06800033772019,2.396513902279807,3.4010223842845964
23.8476,2340.31,75.44762420654297,10.831916809082031,9885.8984375,17.992447630279543,5.855152369720457,55.810776756,58.078334359066844,2.267557603066841,4.0629386202245685
22.0598,2760.32,71.02668762207031,13.439547538757324,9201.6455078125,15.668345236053467,6.391454763946532,60.892107136,59.022476487709014,1.8696306482909861,3.070398999520978
24.7525,1650.42,67.06465911865234,7.070127010345459,5524.2587890625,16.600179748344424,8.152320251655578,40.852021050000005,45.1528921806759,4.300871130675894,10.527927432064939
26.6117,2664.59,72.8532485961914,10.751357078552246,9713.4365234375,19.38748795667267,7.224212043327331,70.90926970299999,70.38036692059107,0.5289027824089203,0.7458866585768035
31.4394,2604.37,63.569252014160156,8.798811912536621,7032.5869140625,19.98579141773987,11.45360858226013,81.87983017799999,80.72434905400442,1.1554811239955711,1.4111914026734673
35.9728,2287.62,64.71745300292969,6.893605709075928,6734.6240234375,23.28067993383789,12.692120066162108,82.29209673599999,85.63714453403155,3.3450477980315583,4.06484696672969
30.2877,2556.38,65.07141876220703,8.650335311889648,7359.31201171875,19.70863610044098,10.57906389955902,77.426870526,78.02511833957374,0.5982478135737352,0.772661751029758
34.5093,2711.8,69.18456268310547,8.95174503326416,8637.4931640625,23.875108290000917,10.634191709999087,93.58231974000002,92.06648208250088,1.5158376574991337,1.6197906417692882
33.7134,1930.82,74.13166809082031,6.453885555267334,7335.4609375,24.992305790130615,8.721094209869385,65.094506988,64.13454339008605,0.9599635979139549,1.4747228949608937
22.3325,2781.77,80.99623107910156,15.074831008911133,14687.5615234375,18.088483305740358,4.244016694259642,62.123878525,62.60693713247588,0.4830586074758756,0.7775731634036376
36.5733,2765.22,61.109283447265625,8.067462921142578,7213.4130859375,22.3496815630188,14.223618436981202,101.133220626,102.78114059001108,1.6479199640110807,1.6294546478503251
30.2362,1951.65,60.70000076293945,6.6999030113220215,5109.244140625,18.3533736306839,11.8828263693161,59.01047973000001,60.83522682474866,1.824747094748652,3.092242434051894
39.602,2215.61,61.87488555908203,6.167741775512695,5689.18017578125,24.503692179107663,15.098307820892334,87.74258722,86.04812598837104,1.6944612316289636,1.931173088594234
34.2175,2356.15,57.382118225097656,7.552079200744629,5548.0498046875,19.634726303672792,14.582773696327209,80.62156262500001,81.05423776584045,0.4326751408404448,0.5366742181033789
36.1461,2131.75,73.38707733154297,6.908707618713379,8116.015625,26.52656635933685,9.619533640663146,77.05444867499999,78.25554962394028,1.2011009489402937,1.5587691166363327
32.7877,2942.13,69.6004867553711,10.528341293334961,9436.9443359375,22.82039879589081,9.96730120410919,96.465675801,94.30112758967441,2.164548211325595,2.2438532600868966
36.1719,1628.48,62.893306732177734,4.909557819366455,4766.447265625,22.749704017856597,13.422195982143403,58.90521571200001,64.08788032501943,5.182664613019419,8.798311915804803
39.7256,2589.73,67.5171890258789,7.377009868621826,8059.04736328125,26.82160844366455,12.903991556335448,102.878578088,104.19174239806992,1.3131643100699222,1.2764215198879123
21.7268,2869.08,71.04046630859375,13.198187828063965,10289.455078125,15.434820033935548,6.291979966064453,62.335927344000005,64.94475686718289,2.6088295231828837,4.1851138409894695
25.0533,2352.17,75.12293243408203,10.124634742736816,8835.6298828125,18.820773631507876,6.232526368492124,58.929620661,55.258849685460625,3.6707709755393765,6.229076200330467
32.6235,2950.67,66.80272674560547,9.41343879699707,8808.732421875,21.7933875598526,10.8301124401474,96.261182745,95.60471330405208,0.6564694409479159,0.6819669385186463
32.0793,1541.91,71.59818267822266,5.107885360717773,5652.5732421875,22.968195815895083,9.11110418410492,49.46339346300001,51.61850262902416,2.155109166024147,4.356977989462506
31.8971,2809.59,78.28166198730469,10.241867065429688,12893.4365234375,24.96958000575256,6.927519994247437,89.617773189,89.57527442977198,0.042498759228024596,0.04742224417738717
27.2972,1519.28,62.58857727050781,5.797629356384277,4477.1484375,17.08492911468506,10.21227088531494,41.472090016,45.82090472410157,4.348814708101564,10.486123815857324
34.1981,1579.6,50.65652084350586,5.232159614562988,3037.489013671875,17.323567654582977,16.87453234541702,54.01931876,51.34684628111736,2.6724724788826393,4.9472532053875895
30.2555,1658.63,55.75929641723633,5.8047637939453125,3743.646484375,16.870253927516938,13.385246072483064,50.182679965000005,50.20755724093861,0.024877275938607113,0.04957343042650933
27.8019,2736.2,79.8724365234375,11.496397018432617,13851.3701171875,22.206054929809568,5.595845070190432,76.07155877999999,77.76541080933296,1.693852029332973,2.2266561333804358
37.5332,2977.74,49.2966194152832,9.18666934967041,5839.56396484375,18.502598758377076,19.030601241622925,111.764110968,111.30039049679479,0.46372047120520676,0.4149099985575674
31.4051,2096.2,79.36581420898438,8.097494125366211,10596.4638671875,24.92491331814575,6.480186681854249,65.83137062,68.86889336606716,3.037522746067154,4.614096163363693
32.5486,2517.21,76.11383819580078,8.77476978302002,10226.259765625,24.773988738998412,7.7746112610015885,81.931661406,79.72258037954742,2.20908102645258,2.696248298329765
32.8547,1536.2,70.6136703491211,5.248824596405029,5474.638671875,23.19990955219269,9.654790447807311,50.471390140000004,52.97826141030718,2.5068712703071725,4.966915441309404
31.9767,1712.55,68.96346282958984,5.657451629638672,5595.40478515625,22.052239618629454,9.924460381370547,54.761697585,55.65613258698198,0.8944350019819822,1.6333222698103147
39.0394,2723.76,56.652462005615234,8.141792297363281,6261.24609375,22.116781252220154,16.922618747779847,106.33395614400001,106.13675076979888,0.1972053742011326,0.18545851330319388
30.4119,2958.24,51.84803771972656,10.847285270690918,5963.07177734375,15.76797338328552,14.643926616714479,89.96569905599999,87.4938252230522,2.471873832947793,2.7475736407151707
38.3068,2431.82,51.87187957763672,7.106866359710693,5219.66015625,19.870457166046144,18.43634283395386,93.155242376,96.37266080093961,3.217418424939609,3.4538243290197554
29.0484,2129.41,82.76106262207031,9.170360565185547,12517.5498046875,24.040764514709473,5.007635485290528,61.855953444,62.90378906970725,1.0478356257072505,1.6939931685894822
32.4792,1710.9,59.59535217285156,5.668539047241211,4209.70458984375,19.356093622924806,13.123106377075192,55.56866328,55.354121921084825,0.21454135891517723,0.3860833539114371
33.961,2946.36,47.39241027832031,10.378006935119629,5385.97802734375,16.09493645462036,17.86606354537964,100.06133195999999,96.39325905268826,3.668072907311725,3.665824585243434
37.3053,1661.15,64.06468200683594,4.888469696044922,4807.6416015625,23.89952181669617,13.405778183303834,61.96969909500001,64.56700898352135,2.5973098885213375,4.191257867074103
31.183,2709.87,58.77744674682617,9.485519409179688,6641.4970703125,18.328571219062805,12.854428780937194,84.50187621,85.54650710717601,1.044630897176006,1.2362221337901889
33.8329,1959.9,73.2273178100586,6.475775718688965,7154.9189453125,24.774925207359313,9.057974792640689,66.30910071000001,64.96951230911807,1.3395884008819365,2.0202180191533112
34.1527,2166.06,57.017913818359375,6.776079177856445,5434.91650390625,19.473157052642826,14.679542947357177,73.976797362,79.91404188842365,5.937244526423655,8.02581990319233
36.8456,2156.81,46.093955993652344,6.761898517608643,3957.741943359375,16.983594649597165,19.862005350402832,79.46895853599999,78.72353299800238,0.7454255379976047,0.9380084396851908
37.2503,2692.25,73.8161849975586,8.407029151916504,10278.5546875,27.496750360145573,9.75354963985443,100.287120175,100.48355935235041,0.19643917735041327,0.19587677560949893
34.689,2122.38,66.71949768066406,6.4967145919799805,6272.17236328125,23.14432655044556,11.544673449554441,73.62323982000001,72.56054383742402,1.0626959825759883,1.4434246376200675
28.5785,2680.9,67.45275115966797,9.993447303771973,8199.8193359375,19.27698449016571,9.301515509834289,76.61610064999999,76.46339025973985,0.15271039026013966,0.19931892769870385
35.0757,2000.83,48.896236419677734,6.385822296142578,3876.70556640625,17.150697197856903,17.925002802143094,70.180512831,69.59947944547623,0.5810333855237673,0.827912709790166
30.5122,1714.37,65.99078369140625,5.739602565765381,4999.2607421875,20.135239901489257,10.376960098510743,52.309200313999995,51.99269751833178,0.3165027956682138,0.6050614304335011
33.5851,1820.47,68.98861694335938,5.697415351867676,6053.67822265625,23.169895989044186,10.415204010955811,61.14066699699999,63.18230222675438,2.041635229754391,3.339242651465625
38.3867,2676.67,44.362186431884766,8.66832447052002,4708.375,17.029179419048308,21.35752058095169,102.74852828899999,100.70683041800943,2.0416978709905607,1.9870823504623762
39.1069,1511.56,62.9290657043457,4.263665199279785,4347.462890625,24.60960679593277,14.497293204067233,59.112425764,63.13137134325608,4.018945579256076,6.798816877015476
31.5856,1925.52,57.1575813293457,6.637294292449951,4655.73046875,18.05356500836182,13.53203499163818,60.818704512,63.12133443874941,2.302629926749411,3.7860555321349936
23.3003,2695.63,75.91271209716797,12.509416580200195,12160.646484375,17.687889656776427,5.612410343223573,62.808987689,68.47180328933285,5.662815600332856,9.015931968801032
39.5189,2216.85,59.176429748535156,6.144084930419922,5441.646484375,23.38587409589386,16.13302590410614,87.607473465,87.93390849002728,0.32643502502727983,0.37261093388076494
33.2175,1828.82,73.0798110961914,6.318623065948486,7036.26708984375,24.275286250877382,8.942213749122619,60.748828350000004,63.073190696937075,2.3243623469370718,3.826184652558936
32.4458,2676.92,62.95969009399414,8.63111400604248,7322.05322265625,20.427775128517148,12.01802487148285,86.85481093599999,88.172932196228,1.3181212602280112,1.5176145639178062
37.6558,2511.87,49.8642578125,7.515516757965088,5248.3740234375,18.776785193359377,18.879014806640622,94.58647434599999,99.22524814304599,4.6387737970459995,4.904267580666168
29.3432,2534.75,76.3931884765625,9.475482940673828,10410.2294921875,22.41620608105469,6.9269939189453105,74.3776762,72.3240007655236,2.0536754344763892,2.761144928693523
33.8289,1880.74,52.46403884887695,6.333016395568848,3824.66162109375,17.748007238147732,16.080892761852265,63.623365385999996,61.6163718000085,2.006993585991495,3.1544913944981663
36.358,1807.31,64.61802673339844,5.867706775665283,5123.91455078125,23.493822159729003,12.864177840270994,65.71017697999999,66.05280287907519,0.3426258990752018,0.5214198390905047
31.849,2929.09,74.79988098144531,10.337804794311523,11580.267578125,23.823014093780518,8.025985906219482,93.28858741,93.1893420415953,0.09924536840470921,0.10638532660863366
23.0335,2914.54,62.59334945678711,12.922980308532715,7685.55908203125,14.417439147129059,8.616060852870941,67.13205709,66.405561021314,0.7264960686860036,1.0821894936304917
32.7625,2805.8,67.05699157714844,9.582283020019531,7970.17431640625,21.969546865463258,10.792953134536745,91.92502250000003,86.23223628694755,5.692786213052472,6.192858112221262
33.0528,2282.37,77.04771423339844,8.356257438659668,9933.40625,25.466426890136717,7.586373109863281,75.43871913599999,75.57133008348464,0.1326109474846504,0.17578631901952235
31.8359,2261.9,73.5794677734375,7.981235027313232,8288.7353515625,23.424685780883788,8.41121421911621,72.00962221,69.9052865702119,2.104335639788104,2.9222978474338865
30.8334,2445.18,64.14806365966797,8.528776168823242,6657.849609375,19.779029060440063,11.054370939559938,75.39321301199999,73.76703015352862,1.626182858471367,2.156935344050843
24.8388,2768.02,64.57544708251953,11.392887115478516,8378.646484375,16.039766149932863,8.799033850067136,68.754295176,73.9067332788665,5.152438102866498,7.493987233346047
21.544,2974.67,70.90788269042969,14.441908836364746,9931.9326171875,15.276394246826174,6.267605753173827,64.08629048,62.470058304680194,1.6162321753198086,2.5219624403509533
24.98,2918.72,78.12763977050781,13.885822296142578,13760.33203125,19.516284414672853,5.463715585327147,72.9096256,75.45354023568011,2.5439146356801103,3.489134136604468
35.9433,2971.48,56.87843322753906,9.42806339263916,6601.91357421875,20.443985890274046,15.499314109725955,106.804797084,102.51787940705171,4.286917676948292,4.013787576953787
35.5332,1506.16,69.78643035888672,4.684946537017822,5240.23681640625,24.797351872283937,10.735848127716064,53.51868451200001,56.374560881985104,2.855876369985097,5.336223033181524
39.0916,1954.43,56.77751922607422,5.53173828125,4582.6806640625,22.195240705780027,16.896359294219973,76.401795788,77.5533972933483,1.151601505348296,1.507296384163226
33.7361,2341.83,50.65717697143555,7.72603178024292,4797.51611328125,17.08975588026047,16.64634411973953,79.004211063,79.99314013872247,0.9889290757224671,1.2517422329980228
30.1612,2178.37,57.012813568115234,7.56958532333374,5065.7041015625,17.195748725906373,12.965451274093628,65.70225324399999,65.80930438496418,0.10705114096418811,0.16293374378901404
37.5365,2830.59,67.41348266601562,8.250214576721191,8638.38671875,25.30466192092895,12.231838079071046,106.250441535,105.8721164987869,0.37832503621309854,0.3560691426289032
37.5306,1621.16,63.322208404541016,4.731776714324951,4476.6083984375,23.76520474747467,13.76539525252533,60.843107496,61.734735637701846,0.8916281417018439,1.4654546396409192
36.9616,2959.09,57.28103256225586,8.746661186218262,6526.14501953125,21.171986131530762,15.789613868469235,109.372700944,103.23049409736386,6.142206846636142,5.615850018900986
34.0038,2472.72,66.18241882324219,7.682431221008301,7290.83740234375,22.504537331817623,11.499262668182375,84.081876336,84.01214392077156,0.06973241522842955,0.08293394280328796
38.3946,1821.59,64.11380767822266,5.170835971832275,5232.7744140625,24.616240002822874,13.778359997177123,69.939219414,72.22633620026856,2.2871167862685695,3.2701491458321152
37.0362,1589.2,64.5658950805664,4.658116817474365,4440.79736328125,23.912754033828737,13.123445966171264,58.85792904,58.38995264545441,0.4679763945455946,0.7950949042525037
39.7047,2664.77,45.3490104675293,7.864808082580566,4728.94580078125,18.005688559101106,21.699011440898897,105.803893419,102.75506031945518,3.0488330995448223,2.8815887591876845
37.8749,2874.21,59.77206802368164,8.373144149780273,6982.2119140625,22.6386109919014,15.236289008098598,108.86041632899999,106.57255499163153,2.2878613373684544,2.101646690799011
33.5244,2384.73,62.54641342163086,7.891477108001709,6216.7666015625,20.968309821121217,12.556090178878783,79.946642412,78.2237530072074,1.7228894047925962,2.155049108771565
35.9689,1945.41,74.02178955078125,6.211832046508789,7948.08740234375,26.624823461730955,9.344076538269043,69.974257749,74.4329259519642,4.458668202964191,6.371869236480625
27.2471,2226.35,76.48065948486328,9.31505012512207,9590.5791015625,20.83876177050018,6.408338229499819,60.661581084999995,61.65378881002268,0.9922077250226877,1.6356443522835156
29.4114,2403.73,73.32447052001953,9.304664611816406,9125.09375,21.565753322525026,7.845646677474974,70.697064522,71.7929235631024,1.0958590411024005,1.5500771474908743
31.6983,2524.76,57.230525970458984,8.806243896484375,6148.5283203125,18.141103813694002,13.557196186305998,80.030599908,83.51655968026986,3.485959772269865,4.35578363310682
23.6258,1661.96,79.9172592163086,8.037782669067383,8545.0283203125,18.881091827926635,4.744708172073366,39.265134568,40.695427814652646,1.4302932466526457,3.642654641042018
37.6073,1911.9,47.82461166381836,6.100808143615723,3606.63330078125,17.985545182247165,19.621754817752837,71.90139687000001,70.87820070598754,1.0231961640124752,1.4230546394841896
31.7061,2260.77,58.81039810180664,7.730068206787109,5508.13427734375,18.646483632556915,13.059616367443084,71.680199697,72.07825915276912,0.39805945576911483,0.5553269347068722
32.3666,2802.66,51.50896453857422,9.750288963317871,5718.099609375,16.671700516342163,15.694899483657835,90.71257515599999,89.907552504228,0.8050226517719921,0.8874432793772866
32.4042,2296.96,72.8274917602539,7.687709808349609,8721.529296875,23.599166084976197,8.805033915023806,74.431151232,76.97478479043845,2.5436335584384437,3.4174314333927236
37.2109,2227.59,69.00946044921875,6.626620769500732,7182.658203125,25.679041318298342,11.53185868170166,82.890628731,82.99956462594338,0.10893589494337164,0.13142124340363587
34.2584,2485.59,59.50349426269531,7.91663932800293,6226.88134765625,20.38494507849121,13.873454921508792,85.152336456,86.54973793620046,1.3974014802004575,1.6410606430306514
31.3723,2664.03,66.11771392822266,9.12136173248291,7378.9501953125,20.742647566703795,10.629652433296204,83.57674836900001,78.62487709052033,4.951871278479686,5.924938903601108
34.2609,2846.96,58.698760986328125,9.3052978515625,6334.59521484375,20.11072380276489,14.150176197235108,97.53941186399999,89.82277470319669,7.716637160803302,7.911301712135269
35.946,2773.34,46.757606506347656,9.408438682556152,5353.798828125,16.807489234771726,19.138510765228272,99.69047964,102.6218687388099,2.9313890988098876,2.9404905156396612
37.4811,1728.55,64.54380798339844,5.429579257965088,5262.91357421875,24.19172921406555,13.289370785934448,64.78795540499999,70.07216081327549,5.284205408275497,8.156153987640256
30.3176,2868.59,68.70452117919922,9.876358985900879,9144.9091796875,20.8295619130249,9.488038086975099,86.968764184,86.97296682977529,0.004202645775293945,0.004832362302403652
31.2213,2990.16,66.05867004394531,10.422700881958008,8298.13671875,20.624375550430297,10.596924449569702,93.356682408,88.14968957803327,5.2069928299667225,5.577525567168742
33.5238,2581.05,65.59439086914062,8.084485054016113,7557.8369140625,21.989732406188967,11.534067593811034,86.52660399,87.35037749277673,0.8237735027767314,0.9520464975973588
35.9763,2643.86,57.57213592529297,8.209868431091309,6344.95751953125,20.712324336891175,15.263975663108827,95.116300518,97.01932261929231,1.9030221012923079,2.0007318313774998
24.4405,1998.36,64.07955169677734,8.386246681213379,5745.27197265625,15.661362832450868,8.779137167549132,48.84091758,50.56987076490173,1.7289531849017266,3.539968679068634
39.6229,2130.5,50.811500549316406,6.224179267883301,4168.8896484375,20.13299005115509,19.48990994884491,84.41658844999999,81.3765951739955,3.0399932760044948,3.601179971641575
34.3836,1654.07,57.32545471191406,5.358742713928223,3977.546630859375,19.710555046325684,14.673044953674317,56.872881252,58.46834431317741,1.595463061177412,2.8053142834596687
34.5245,1953.96,74.5496826171875,6.39378547668457,8035.80322265625,25.737905175170898,8.786594824829105,67.45949202,70.77190965384575,3.3124176338457545,4.910232103235685
37.0188,2444.57,74.14972686767578,7.728287220001221,9388.9658203125,27.44933908969116,9.569460910308837,90.495047916,90.05947778219056,0.4355701338094491,0.481319302923357
29.9555,2609.36,58.54913330078125,9.031938552856445,6346.02197265625,17.53868562591553,12.41681437408447,78.16468348000001,78.95578517920515,0.791101699205143,1.0120960822512153
31.2987,2384.53,69.30428314208984,8.461029052734375,7876.60693359375,21.691339667793272,9.607360332206728,74.632689111,75.85693206131499,1.2242429503149879,1.6403575496176894
34.0669,2385.8,57.1693115234375,7.774998188018799,5682.48095703125,19.47581218737793,14.591087812622067,81.27681002,83.06500304206271,1.788193022062714,2.200126975483768
34.476,2251.34,60.2464599609375,7.124378681182861,5729.0205078125,20.770569536132815,13.705430463867184,77.61719784,78.66666959869254,1.0494717586925333,1.3521124027897955
20.7862,2475.05,79.2230224609375,14.017045974731445,12660.73828125,16.46745589477539,4.31874410522461,51.44688431000001,54.90931390630393,3.46242959630392,6.730105511230948
29.9576,2827.33,65.6265869140625,9.564056396484375,8287.798828125,19.660150401367186,10.297449598632813,84.700021208,85.5312215034273,0.8312002954273083,0.9813460298741941
29.0353,2882.83,80.21742248535156,12.421512603759766,14743.8681640625,23.291369270889284,5.743930729110716,83.70383389899999,84.97707145047295,1.2732375514729597,1.5211221423970773
35.0376,2585.63,49.27276611328125,8.374958038330078,4969.396484375,17.26399469970703,17.773605300292967,90.594269688,88.46867692512873,2.125592762871264,2.346277275805246
21.7673,2994.13,74.97821044921875,14.166048049926758,12072.779296875,16.32073200311279,5.446567996887207,65.174125949,65.98641362560788,0.8122876766078804,1.2463345918033653
37.8522,2447.38,51.254241943359375,7.9096503257751465,4956.197265625,19.40085816888428,18.451341831115723,92.638717236,91.60194393462375,1.0367733013762575,1.119157661407428
35.8122,2063.49,54.29918670654297,6.650505065917969,4644.97802734375,19.44573334172058,16.366466658279418,73.89811657799999,76.15120196106159,2.2530853830616024,3.04890772240921
36.427,2058.33,59.04888916015625,6.446081161499023,4824.06689453125,21.509738854370116,14.917261145629883,74.97878691,72.10051917212834,2.878267737871653,3.8387760811955407
39.1197,1849.25,67.41722869873047,5.667351722717285,5618.91943359375,26.373417615257264,12.746282384742738,72.34210522500001,71.76980123146043,0.5723039935395775,0.7911077397590035
39.961,2958.31,45.54339599609375,9.004450798034668,5111.91259765625,18.199596473999023,21.761403526000976,118.21702590999999,111.40627019823972,6.810755711760265,5.761230803543792
23.2441,2837.77,71.69985961914062,12.697795867919922,10269.05078125,16.665987069732665,6.578112930267334,65.96140965699999,67.76259702746137,1.8011873704613777,2.730668401156935
35.6432,2413.2,58.418113708496094,7.2363128662109375,6038.4599609375,20.822085105346677,14.821114894653324,86.01417024,89.64738399016767,3.63321375016767,4.223971166646309
24.2842,2925.91,73.72540283203125,12.45057487487793,11147.55859375,17.90362427453613,6.380575725463867,71.053383622,71.35075217602916,0.2973685540291626,0.4185142759859919
32.1788,2044.98,65.0107192993164,6.726504325866699,6133.55322265625,20.91966934188843,11.259130658111573,65.80500242400001,69.19919337869193,3.394190954691922,5.157952784230903
39.554,2305.62,67.0128173828125,6.645256519317627,6829.8955078125,26.506249787597657,13.047750212402345,91.19649348,89.29091139195006,1.9055820880499397,2.089534383762076
38.3656,1922.23,65.13855743408203,5.680440425872803,5424.12939453125,24.990798390930177,13.374801609069824,73.74750728800001,72.68861329523416,1.0588939927658458,1.4358369953178691
34.7679,2577.6,57.508384704589844,8.302050590515137,6184.03173828125,19.99445768570709,14.773442314292907,89.61773903999999,91.5254311544912,1.907692114491212,2.1286992228622648
31.6545,1742.4,56.35936737060547,6.20829439163208,4133.15625,17.840275944328308,13.81422405567169,55.1548008,57.20710417969014,2.0523033796901444,3.720987747072318
37.608,2933.35,52.53068161010742,9.042126655578613,6079.9658203125,19.755738739929196,17.8522612600708,110.31742679999999,108.71977216838039,1.597654631619605,1.4482341348625483
33.8893,2705.53,54.12963104248047,8.657027244567871,5985.90576171875,18.34415305287933,15.545146947120667,91.688517829,93.21059051029152,1.5220726812915188,1.6600472091065965
26.3232,2052.0,75.09807586669922,8.788016319274902,7958.81005859375,19.76821670654297,6.554983293457031,54.015206400000004,52.34359038089986,1.6716160191001421,3.094713749164054
33.7484,2392.45,56.696258544921875,7.945191383361816,5534.5068359375,19.134080118774413,14.614319881225583,80.74135958,81.03507721370855,0.2937176337085532,0.3637759324792301
26.3025,2726.21,72.27681732177734,10.50589370727539,9888.6640625,19.010609876060485,7.291890123939513,71.706138525,72.30677526296772,0.6006367379677187,0.8376364287951574
28.762,2914.39,69.22965240478516,10.289933204650879,9505.2587890625,19.911832624664306,8.850167375335694,83.82368518,84.32802265677378,0.5043374767737845,0.601664643699198
38.1177,2259.19,62.72196578979492,6.801231861114502,6103.87744140625,23.90817075385666,14.20952924614334,86.115126663,86.89583003120877,0.7807033682087763,0.9065809904268668
31.8004,2765.08,76.42369079589844,10.323155403137207,11839.3076171875,24.303039367858887,7.497360632141113,87.93065003199999,89.01444289307295,1.0837928610729648,1.232554132920145
28.345,2192.85,68.97233581542969,7.819308280944824,7075.55419921875,19.550208586883542,8.794791413116457,62.156333249999996,62.380892422226765,0.22455917222676902,0.3612812411626116
36.594,2731.83,49.65991973876953,8.73080062866211,5427.3212890625,18.172551029205323,18.42144897079468,99.96858702,100.13778309452262,0.16919607452261687,0.16924924075276468
34.8838,2351.78,59.536285400390625,7.331274032592773,5931.326171875,20.768518726501465,14.115281273498535,82.03902316400001,83.87459694291397,1.835573778913954,2.237439828171226
28.3006,1797.15,62.86866760253906,6.911666393280029,5299.9365234375,17.79221014352417,10.50838985647583,50.86042329,55.816773023767574,4.956349733767574,9.745002918098155
39.493,1608.05,49.360530853271484,4.722275257110596,2958.889892578125,19.49395444988251,19.999045550117494,63.50671865,59.267029558214105,4.239689091785898,6.675969380738739
31.1299,2804.32,55.561405181884766,9.602581024169922,6263.6171875,17.296209871715547,13.833690128284452,87.298201168,86.81502751077578,0.4831736572242278,0.5534749293337555
31.096,2415.73,60.69447708129883,8.623617172241211,6413.36279296875,18.873554593200684,12.222445406799316,75.11954008000001,78.54973492054968,3.4301948405496745,4.566315018564573
33.6761,2881.09,47.69270324707031,9.625173568725586,5224.8466796875,16.061042438186643,17.615057561813355,97.023874949,92.19056533550692,4.8333096134930855,4.981567285406489
37.7967,1683.09,56.48530578613281,4.9479475021362305,4036.81640625,21.34958157206726,16.44711842793274,63.615247802999995,66.49963411422677,2.88438631122677,4.534111570482237
30.1395,2848.37,76.3678207397461,10.836267471313477,12394.0205078125,23.016879331855776,7.122620668144226,85.848447615,88.52732369114364,2.678876076143638,3.1204711914622525
31.0229,2423.87,78.1218490600586,9.675152778625488,10995.6708984375,24.235663112052915,6.787236887947085,75.19547662299999,74.86470687290168,0.33076975009831244,0.43987985042858296
37.2234,2413.28,59.78471374511719,6.971738815307617,6188.220703125,22.253903136199952,14.969496863800046,89.830486752,92.78969880821893,2.959212056218931,3.294217991257903
31.0584,1699.86,74.53068542480469,6.031673908233643,6306.1689453125,23.148038401977537,7.910361598022462,52.794931823999995,50.02369807489781,2.771233749102187,5.249052614255701
35.8202,1897.69,72.77025604248047,5.94901180267334,7291.876953125,26.066451254928587,9.753748745071412,67.975635338,71.2782053069275,3.3025699689275,4.858461347960781
27.6208,2490.09,74.02839660644531,9.795867919921875,9462.509765625,20.447235369873045,7.173564630126954,68.778277872,68.08022378392923,0.6980540880707764,1.0149339437807556
28.9185,2755.47,80.68989562988281,11.684464454650879,14359.5634765625,23.334307467727662,5.58419253227234,79.68405919499999,80.45921601869149,0.7751568236915034,0.9727878217079369
37.8626,2505.38,38.95849609375,8.572237014770508,4040.55322265625,14.750699541992187,23.111900458007813,94.860200788,93.51131036992155,1.3488904180784544,1.4219771905111673
23.3332,2847.81,68.85820007324219,12.163325309753418,9978.99609375,16.066821539489748,7.2663784605102535,66.448520292,72.70658825021953,6.258067958219527,9.417919211322094
24.4306,2836.71,67.43434143066406,12.370476722717285,8785.169921875,16.47461421755981,7.955985782440187,69.30252732599999,70.09848582645274,0.7959585004527554,1.1485273786748877
38.3299,1703.61,59.64828872680664,5.190688610076904,4149.66748046875,22.86312942069626,15.466770579303741,65.299200939,64.30063028628227,0.9985706527177314,1.5292233876652759
34.987,2312.31,68.4239730834961,7.059338569641113,6794.51171875,23.93949546272278,11.047504537277224,80.90078996999999,75.23139604513163,5.669393924868359,7.007835061895823
29.7397,1586.89,63.73122787475586,5.919628143310547,4452.6357421875,18.953475976268766,10.786224023731233,47.193632533000006,48.139324141109846,0.9456916081098399,2.003854243363377
27.8984,1549.98,73.98942565917969,5.912600040435791,6163.73779296875,20.641865928100586,7.256534071899413,43.241962031999996,44.84942040225298,1.607458370252985,3.7173576191187405
36.8719,2952.74,58.812660217285156,8.752809524536133,6793.06640625,21.68534526265716,15.186554737342835,108.87313400599997,103.35308250947823,5.520051496521745,5.070168638865064
23.1459,2288.41,81.19071960449219,11.703499794006348,12485.810546875,18.79232276893616,4.353577231063841,52.967309019,54.57787645390692,1.610567434906919,3.040682006951098
36.4469,1996.2,70.38622283935547,5.945711135864258,6892.234375,25.653596252037048,10.793303747962952,72.75530178,74.5425079844373,1.7872062044372967,2.4564618120085773
38.657,2206.19,62.000431060791016,6.184860706329346,5721.66015625,23.967506635169983,14.689493364830014,85.28468683,84.19652459106318,1.0881622389368175,1.2759174939645113
35.5826,2964.67,70.89813232421875,8.919575691223145,9901.4287109375,25.227398832397462,10.355201167602537,105.490666742,102.75630384181153,2.734362900188472,2.592042485498686
24.5198,2242.81,73.85289001464844,9.638739585876465,9093.744140625,18.10858092581177,6.411219074188232,54.993252638,58.47652978597614,3.483277147976139,6.334008229891854
39.0428,1644.62,73.03047180175781,4.744452476501465,6393.3408203125,28.5131410446167,10.5296589553833,64.210569736,67.4549776660631,3.2444079300631046,5.052763031697739
23.0226,2868.63,78.83474731445312,13.627285957336426,13972.818359375,18.149808535217286,4.872791464782715,66.04332103800002,68.33396267150202,2.2906416335020054,3.4683925603680885
35.3415,2837.43,64.9902572631836,8.6937837600708,7838.07421875,22.968531770668033,12.37296822933197,100.279032345,97.17992673624026,3.099105608759743,3.090482163905989
36.7611,2584.35,68.32052612304688,7.922240257263184,7636.48193359375,25.115376928619384,11.645723071380615,95.00354878499999,89.13132388841423,5.872224896585763,6.18105846748424
27.6757,1944.13,70.28602600097656,7.657673358917236,6376.38671875,19.45214969795227,8.22355030204773,53.805158641,52.58549513546537,1.2196635055346263,2.2668151834148333
33.246,2546.66,75.79351043701172,8.588589668273926,10755.5419921875,25.19831047988892,8.047689520111081,84.66625836,86.77368052268753,2.107422162687527,2.489093298214256
28.4873,1646.49,65.17965698242188,6.173713684082031,4856.5126953125,18.567924423553468,9.919375576446534,46.904054577000004,48.28820646568403,1.3841518886840234,2.951028223821741
38.5099,2482.42,51.96519088745117,7.412903785705566,4923.248046875,20.01174304556656,18.49815695443344,95.59774595800002,91.21936022248269,4.378385735517327,4.580009383736861
32.2826,2957.22,71.0369873046875,9.597476959228516,10273.04296875,22.93258646362305,9.350013536376952,95.46675037199999,96.2731857877947,0.8064354157947093,0.8447290943206059
27.7155,2776.73,75.63451385498047,11.48074722290039,10818.642578125,20.96248368747711,6.753016312522888,76.95846031500001,73.2991347858129,3.6593255291871145,4.754935993013719
34.5342,1677.37,71.68734741210938,5.501034736633301,5662.46044921875,24.756651929992675,9.777548070007324,57.92663105399999,55.50116643898122,2.425464615018768,4.187132189264929
37.9703,2239.71,64.04324340820312,6.475849151611328,6249.26513671875,24.31741165182495,13.65288834817505,85.042460613,85.47799505937884,0.4355344463788384,0.5121376348231633
39.0601,2266.11,71.63298797607422,6.756900787353516,7932.60009765625,27.97991673644256,11.080183263557437,88.514483211,88.08372035997142,0.43076285102857526,0.4866580421666438
29.385,2354.1,68.97191619873047,8.519671440124512,7556.57763671875,20.26739757499695,9.117602425003053,69.1752285,69.07054215355608,0.10468634644392694,0.1513350208072344
35.5562,2148.4,48.0756950378418,7.030073642730713,4229.67041015625,17.093890279045105,18.46230972095489,76.38894008,78.20965643736544,1.8207163573654412,2.3834816341981653
28.9903,2274.23,65.40480041503906,8.53647518157959,6570.5927734375,18.96104785472107,10.029252145278932,65.930609969,66.05999218318087,0.1293822141808647,0.19623997751833192
20.0022,2807.6,76.45003509521484,14.758871078491211,11902.126953125,15.291688919815062,4.710511080184936,56.15817671999999,56.29078895580303,0.1326122358030375,0.23614056500486313
30.324,2933.06,73.07239532470703,11.308937072753906,11146.37890625,22.15847315826416,8.16552684173584,88.94211144,91.26664492571766,2.3245334857176516,2.6135353074969134
37.5868,2879.4,67.4400863647461,8.700627326965332,8455.05859375,25.348570381744384,12.238229618255613,108.22743191999999,103.69549697028081,4.531934949719172,4.187417985736839
39.0026,1821.15,48.44973373413086,5.808538913726807,3484.517822265625,18.896655849388125,20.105944150611876,71.02958499,70.16928268712485,0.8603023028751551,1.2111886941142538
39.3712,2941.15,66.31782531738281,8.350543022155762,8525.6806640625,26.110123641357426,13.261076358642576,115.79660488000002,113.27773600631632,2.518868873683701,2.1752527859465345
24.639,2360.97,74.71417236328125,10.430952072143555,9514.9873046875,18.408824928588867,6.230175071411132,58.17193982999999,59.47205828099205,1.3001184509920591,2.2349580481439815
29.3619,2025.25,71.39456176757812,7.458966255187988,6871.744140625,20.96279983163452,8.399100168365479,59.46518797499999,57.87282818504635,1.5923597899536404,2.677801658716846
20.7314,2750.26,77.11566925048828,15.65191650390625,13189.7197265625,15.98715785499573,4.7442421450042715,57.01674016400001,62.82545386743318,5.80871370343317,10.187733789629652
38.4039,2502.45,69.12965393066406,7.563960075378418,7988.36572265625,26.548483165878295,11.855416834121705,96.103839555,94.90621713222826,1.1976224227717296,1.2461754164216645
39.0507,2697.17,61.4039421081543,7.902921676635742,6795.76416015625,23.97866922082901,15.07203077917099,105.326376519,102.61546813462427,2.7109083843757276,2.573817189929345
34.7859,2375.74,49.81151580810547,7.641930103302002,4780.048828125,17.327384077491757,17.45851592250824,82.64225406599999,83.58497323418042,0.9427191681804317,1.140722961679572
39.1105,2976.48,58.15886688232422,8.908244132995605,6637.408203125,22.746223632011418,16.364276367988584,116.41162104000001,108.81901111630968,7.592609923690333,6.522209600604606
32.37,1622.16,63.5641975402832,5.257098197937012,4784.5849609375,20.575730743789673,11.794269256210324,52.5093192,56.53885194552584,4.029532745525842,7.673938277847338
34.3976,2528.02,63.88217544555664,7.637975692749023,6904.783203125,21.97393518106079,12.423664818939208,86.95782075199999,85.95054854585344,1.0072722061465527,1.158345732949369
34.9706,2210.88,67.01856231689453,6.604391098022461,6503.666015625,23.43679335359192,11.533806646408078,77.315800128,75.16681206642461,2.1489880615753947,2.7794940465178426
25.7121,2032.41,65.06991577148438,8.383280754089355,5910.5048828125,16.730841813079834,8.981258186920165,52.257529161,53.22402971176268,0.9665005507626816,1.8494953096327884
34.8841,2229.14,68.20868682861328,7.356276512145996,6853.982421875,23.793986521980283,11.090113478019713,77.76154267399998,76.1864779791281,1.5750646948718838,2.025505977260551
35.781,2218.63,74.95872497558594,7.19667387008667,8846.033203125,26.8209813835144,8.960018616485598,79.38480003,79.45364403794255,0.06884400794255896,0.08672190131680423
29.9982,2333.83,58.81568145751953,8.13116455078125,5629.7275390625,17.643645754989624,12.354554245010377,70.010699106,69.69623765288594,0.31446145311406326,0.4491619954229446
36.1201,2287.13,63.40738296508789,6.8735032081604,6341.38134765625,22.90281013437271,13.21728986562729,82.61136431300001,83.97329795938937,1.3619336463893603,1.6486032614462485
37.6264,2521.93,48.233665466308594,8.04543685913086,5100.72412109375,18.148591903015134,19.477808096984862,94.89114695199999,99.4969389365637,4.605791984563709,4.853763636025515
35.5085,2653.06,55.138458251953125,8.083686828613281,6152.98095703125,19.578839448394774,15.929660551605224,94.20618100999998,98.17316723256738,3.9669862225673995,4.210961722507681
39.8641,2114.78,49.27177047729492,6.303490161895752,4018.454345703125,19.641747854839327,20.222352145160674,84.303801398,81.38641042242524,2.9173909755747616,3.460568713623835
30.3666,2567.41,75.29400634765625,9.485629081726074,10113.333984375,22.86422973156738,7.5023702684326175,77.96351250599999,76.09085780157719,1.8726547044228,2.4019629750246083
27.9849,2860.01,66.49138641357422,10.678946495056152,8329.365234375,18.60754799645233,9.37735200354767,80.03709384900002,78.30609877830504,1.7309950706949735,2.162741033502181
25.9993,1891.68,62.54844284057617,7.560533046722412,5171.32861328125,16.26215729944992,9.73714270055008,49.182355824000005,50.47691523663078,1.2945594126307753,2.632162268239815
38.0813,1710.04,55.74794006347656,5.020967960357666,4115.42431640625,21.2295402993927,16.8517597006073,65.120546252,69.45873448777056,4.338188235770559,6.661781089769842
35.7612,2255.46,67.63053894042969,7.355562210083008,6990.80419921875,24.18549229156494,11.575707708435061,80.65795615200001,81.10140395018877,0.4434477981887568,0.5497880424258197
34.5837,2566.1,66.47872161865234,7.848857879638672,7715.5048828125,22.990801648429873,11.592898351570128,88.74523257,89.62551537216578,0.8802828021657803,0.9919212296518974
36.5839,2028.07,71.80296325683594,6.4097113609313965,7069.2275390625,26.268324274917603,10.315575725082397,74.194710073,73.09152437357467,1.1031856994253246,1.4868791836236073
30.149,1766.37,65.28334045410156,6.378528118133545,4974.29541015625,19.68227431350708,10.466725686492921,53.25428913,52.19012948182379,1.064159648176208,1.9982609205025135
37.3525,2992.33,44.5304069519043,9.322942733764648,5324.876953125,16.63322025671005,20.71927974328995,111.771006325,110.4826857503257,1.2883205746743016,1.1526429053776364
36.417,2756.58,46.89015579223633,9.335558891296387,5166.3525390625,17.075988034858703,19.3410119651413,100.38637386,100.08190016607243,0.3044736939275765,0.3033018149975205
23.1397,2808.13,75.30189514160156,14.074862480163574,11959.423828125,17.424632630081177,5.715067369918824,64.979285761,68.59416219118262,3.614876430182619,5.563121212933116
28.5685,2907.58,60.336212158203125,10.95388126373291,7043.88232421875,17.23715077041626,11.33134922958374,83.06519923,80.00550425067885,3.0596949793211508,3.683485993754295
32.2964,2180.98,65.62374877929688,7.40230655670166,6066.93994140625,21.194108400756836,11.102291599243163,70.437802472,67.51382163216579,2.923980839834215,4.1511528429589175
26.1055,2646.02,78.12163543701172,11.024023056030273,11758.666015625,20.394043539009093,5.711456460990906,69.07567510999999,67.38393339375531,1.6917417162446782,2.4491135461950293
35.6846,1815.99,65.97529602050781,5.482205390930176,5358.6220703125,23.543020483734132,12.141579516265871,64.80287675400001,65.19120363813117,0.38832688413116045,0.5992432799014445
32.8824,2286.42,58.48196792602539,7.7599029541015625,5524.4140625,19.23027462130737,13.652125378692627,75.182977008,75.56921848990476,0.3862414819047615,0.5137352859326955
25.848,1609.55,71.35490417480469,6.944995403289795,5830.0029296875,18.443815631103515,7.404184368896484,41.6036484,43.294508777390035,1.6908603773900381,4.06421177569138
34.8153,2353.31,55.31350326538086,7.539536952972412,5369.21630859375,19.257562102352143,15.557737897647858,81.931193643,83.67805314597277,1.746859502972768,2.1321055208647204
38.7237,2978.82,58.92396545410156,8.541229248046875,7003.009765625,22.81753961054993,15.906160389450072,115.35093203400001,111.58588637760651,3.7650456563934966,3.2639924012783346
39.8794,2466.89,61.86848831176758,6.922055244445801,6151.5126953125,24.672781927803037,15.20661807219696,98.37809306599999,93.7144904834265,4.663602582573489,4.740488900760423
25.8561,2603.34,81.75529479980469,12.54887580871582,14539.54296875,21.138730778732302,4.717369221267699,67.31221937400001,68.85365979937663,1.5414404253766207,2.289986037768377
32.7954,2623.93,62.743656158447266,8.925870895385742,7143.169921875,20.577033011787417,12.218366988212583,86.05283392199999,87.46153950470388,1.4087055827038881,1.6370240449963183
26.4961,2785.13,83.03453826904297,13.284868240356445,15953.7109375,22.000914294303893,4.495185705696105,73.79508299300001,72.0071726066248,1.7879103863752022,2.422804221989693
25.8842,2465.88,79.83496856689453,11.567014694213867,11934.2978515625,20.664642933792113,5.219557066207887,63.827331096,62.530776909818506,1.2965541861814955,2.0313463902029727
33.9455,2313.38,61.423397064208984,7.642119884490967,5820.95361328125,20.85047925043106,13.095020749568942,78.52884079000002,76.38485021027716,2.1439905797228533,2.730195120868093
33.5071,2659.09,68.7335205078125,8.37442398071289,8375.5693359375,23.030609450073243,10.476490549926758,89.09839453900001,87.93944108627467,1.158953452725342,1.3007568303804249
37.1738,2487.1,58.67233657836914,7.538568019866943,5960.1083984375,21.81073705496979,15.363062945030212,92.45495797999999,91.72994220925084,0.7250157707491525,0.7841826837517888
25.4449,1649.5,76.41876220703125,7.389834403991699,7108.861328125,19.444677624816897,6.000222375183103,41.971362549999995,42.7984417507759,0.8270792007759056,1.970579820444513
35.0913,1628.01,70.47129821777344,5.081716060638428,5472.939453125,24.729294671493527,10.36200532850647,57.128987312999996,56.836295029774924,0.29269228322507246,0.5123358508377914
35.1919,2562.22,66.50271606445312,8.309791564941406,7489.49658203125,23.403569334686278,11.788330665313719,90.16939001799999,88.48314100876817,1.6862490092318154,1.8700902921658884
37.5809,2067.13,50.834774017333984,6.611325740814209,4283.23828125,19.104165588680267,18.476734411319732,77.684605817,79.26656000476709,1.5819541877670815,2.0363805301318743
26.6297,2659.88,66.06416320800781,10.359959602355957,7868.13818359375,17.592688469802855,9.037011530197145,70.831806436,71.28671502816513,0.4549085921651397,0.6422377390250126
27.0951,2276.14,68.28756713867188,8.4100923538208,7563.72314453125,18.502584603790282,8.592515396209716,61.67224091399999,65.14701601735479,3.4747751033547942,5.634261138978652
21.5744,2221.94,75.99514770507812,11.000635147094727,9511.66796875,16.395497146484377,5.178902853515623,47.937022336,49.44036526721624,1.5033429312162383,3.1360790845101154
29.265,1836.03,61.896026611328125,6.540642261505127,5014.02880859375,18.113872187805175,11.151127812194826,53.73141795,56.03055245660691,2.2991345066069115,4.278938830064714
28.7942,2294.76,73.65684509277344,8.693700790405273,8826.0947265625,21.208899289703368,7.585300710296632,66.075778392,67.13296642305842,1.0571880310584163,1.5999630375696234
37.7354,2959.6,44.97456359863281,9.5257568359375,5218.36328125,16.971331472198486,20.764068527801513,111.68168983999999,108.5161175516244,3.1655722883755857,2.834459518754347
37.9212,1515.68,73.3853988647461,4.735292434692383,6018.8681640625,27.828623874298096,10.092576125701903,57.476404415999994,60.877661808464296,3.401257392464302,5.9176586062114165
36.4087,2866.21,72.8317642211914,9.089116096496582,10490.7451171875,26.51709854000092,9.891601459999084,104.35498002700001,104.01128670482244,0.34369332217757176,0.32935018730169574
38.1731,2450.98,65.65828704833984,7.569561958312988,7339.35302734375,25.063803573249817,13.10929642675018,93.561504638,96.40347643007424,2.841971792074233,3.0375439162400624
38.8974,2172.61,51.44526290893555,6.268242359161377,4538.56396484375,20.010869694740297,18.8865303052597,84.508880214,85.84315884544533,1.3342786314453292,1.5788620415589043
34.7511,1596.51,71.33200073242188,5.125720024108887,5461.138671875,24.78865490652466,9.962445093475342,55.480478661,54.53335387123464,0.9471247897653612,1.7071316120982611
32.6526,2498.18,63.837127685546875,7.9906721115112305,6945.6298828125,20.84448195465088,11.808118045349119,81.57207226799999,82.1813789761883,0.6093067081883135,0.7469550438616712
32.3297,2693.97,72.80099487304688,9.783945083618164,10314.57421875,23.53634323947144,8.793356760528564,87.09524190900001,90.93000922814312,3.8347673191431113,4.402958456846361
29.3943,2644.37,69.42111206054688,9.886113166809082,8556.9560546875,20.40584994241333,8.988450057586672,77.72940509099999,77.11550668431809,0.6138984066818978,0.7897891486023721
38.8459,2467.56,70.3485336303711,7.157694339752197,8375.45703125,27.327521025520323,11.518378974479678,95.85458900399999,96.6672902129718,0.8127012089718164,0.847847992898809
37.4436,2934.86,71.67979431152344,8.599161148071289,9878.052734375,26.839495462829593,10.60410453717041,109.89172389600002,104.97870096561232,4.913022930387697,4.470785202202591
36.1968,1892.29,52.23101806640625,6.037538528442383,3774.4677734375,18.905957147460942,17.29084285253906,68.494842672,65.3778745671757,3.116968104824309,4.550661018013396
36.6101,2329.16,74.64814758300781,7.2515106201171875,9271.2939453125,27.328761478286747,9.281338521713256,85.270780516,86.24819244485022,0.9774119288502163,1.1462448483942482
28.3091,2271.6,74.43548583984375,8.539671897888184,8887.2109375,21.07201612188721,7.2370838781127915,64.30695156,64.49743910107685,0.1904875410768483,0.29621609554780187
34.7094,2928.37,47.86534881591797,9.692126274108887,5628.74560546875,16.613775381912234,18.09562461808777,101.641965678,102.01669035616482,0.37472467816481014,0.3686712232149577
39.6625,2132.73,71.42455291748047,6.422692775726318,7699.48046875,28.32876330089569,11.33373669910431,84.589403625,87.44583129610666,2.8564276711066583,3.3768150012851663
35.3492,2700.79,52.15198516845703,9.000289916992188,5596.353515625,18.435309541168213,16.91389045883179,95.470765868,94.82203346275944,0.6487324052405654,0.6795089568439382
33.6,2648.71,70.78299713134766,8.366605758666992,8941.6103515625,23.783087036132812,9.816912963867189,88.996656,87.97799429105835,1.01866170894165,1.1446067242589992
31.3114,1751.18,65.30978393554688,6.200558662414551,5046.5732421875,20.449407687194824,10.861992312805175,54.831897452,54.94263751462499,0.11074006262499125,0.2019628496751064
37.9083,2184.0,66.91180419921875,6.199492454528809,6590.8330078125,25.36512747125244,12.543172528747558,82.7917272,82.82720644152258,0.035479241522580196,0.0428536071446764
31.6212,2103.81,71.91667175292969,7.117059230804443,7496.2451171875,22.740914608337402,8.8802853916626,66.524996772,66.73064444271245,0.2056476707124517,0.3091284189268953
38.2133,2675.44,58.31089401245117,7.628289222717285,6249.3662109375,22.282516861660003,15.930783138339994,102.23739135199999,99.72727534174564,2.5101160102543503,2.4551839371684503
24.831,2867.32,61.222496032714844,11.979825973510742,7478.0927734375,15.202157989883423,9.628842010116577,71.19842292,72.1874930595648,0.9890701395648023,1.389174224654023
27.4969,2269.69,73.167236328125,8.649372100830078,8222.7705078125,20.1187218059082,7.378178194091799,62.409438961,60.843080366855716,1.5663585941442832,2.5098104072416185
32.8779,2736.6,65.49028778076172,9.487466812133789,8232.544921875,21.531831326271053,11.346068673728944,89.97366113999998,93.61130257826468,3.6376414382647084,4.043007022471276
39.7655,2859.64,67.23278045654297,8.615354537963867,8784.9072265625,26.7354513124466,13.030048687553403,113.71501442,114.6981042695383,0.9830898495383025,0.8645207095584717
31.0848,2285.69,74.27567291259766,8.140426635742188,9162.4873046875,23.088444373535157,7.996355626464844,71.050216512,73.45445669880677,2.40424018680676,3.3838604649441097
32.7521,1971.54,63.96598815917969,6.3332343101501465,5628.17138671875,20.95020440788269,11.801895592117308,64.572075234,66.55577363395743,1.983698399957433,3.072068526168305
38.0285,2431.38,61.14165115356445,7.149305820465088,6130.36572265625,23.25125280893326,14.777247191066742,92.46173433000001,90.75615997237392,1.7055743576260909,1.8446272611963137
38.9834,1914.71,67.26123809814453,5.62458610534668,5979.4013671875,26.220717492752076,12.762682507247927,74.64190581400001,76.4606819161002,1.8187761021001876,2.436668895663505
35.5001,2780.24,57.55017852783203,8.85395622253418,6317.8984375,20.4303709275589,15.069729072441103,98.698798024,95.38990737012672,3.308890653873277,3.352513627439185
39.456,2469.67,56.35653305053711,6.994489669799805,5757.263671875,22.236033680419922,17.21996631958008,97.44329952000001,99.29541623050446,1.852116710504447,1.9007122291916072
36.3426,2843.51,69.771240234375,9.282812118530273,9261.67578125,25.356682753417967,10.98591724658203,103.34054652600001,101.98338501943464,1.357161506565376,1.313290428770783
36.8973,2534.22,67.34060668945312,8.011390686035156,7858.044921875,24.846865672027587,12.050434327972415,93.505875606,94.89191222553386,1.3860366195338543,1.4822989577404868
27.7984,2558.23,63.54055404663086,9.52412223815918,6782.013671875,17.663257376098635,10.135142623901366,71.114700832,68.90490286407616,2.2097979679238335,3.107371530879695
35.4649,2525.24,65.4619369506836,7.483421325683594,7304.32275390625,23.216010477622987,12.248889522377013,89.55738407599999,89.64357763628782,0.08619356028782477,0.09624394590922773
33.7618,2134.84,68.6878662109375,7.008652210235596,6972.3876953125,23.1902600144043,10.571539985595702,72.07604111200001,73.87140778317745,1.7953666711774332,2.490934079450322
36.6721,2463.21,57.44231414794922,7.2287726402282715,5660.05517578125,21.065302886650084,15.606797113349916,90.33108344099999,88.48760906394921,1.8434743770507822,2.0407973720971175
34.0569,2314.77,60.348819732666016,7.288613319396973,6000.56103515625,20.552937187534333,13.503962812465666,78.833890413,81.18115548441827,2.3472650714182635,2.977482221315302
26.5057,2678.12,76.38018035888672,12.024133682250977,11050.369140625,20.24510146538544,6.260598534614562,70.98544528400001,69.42535465517739,1.5600906288226213,2.197761277091352
25.4919,2573.79,77.48641967773438,11.416555404663086,11363.5419921875,19.75276061782837,5.739139382171633,65.610797301,65.44245985431286,0.168337446687147,0.25656973183068044
36.7866,2355.75,67.11551666259766,7.162734508514404,6658.50537109375,24.689516652603146,12.097083347396854,86.66003294999999,80.72533889613686,5.934694053863126,6.848248092967206
37.7886,2479.7,46.80083465576172,7.891929626464844,4545.61669921875,17.685380204727174,20.103219795272828,93.70439142,91.52110338545009,2.1832880345499035,2.3299740828196756
39.0573,2979.09,42.4766960144043,10.017169952392578,5066.20263671875,16.59025059243393,22.46704940756607,116.355211857,113.98881230763884,2.3663995493611623,2.033771853958253
26.6619,2912.5,77.08934020996094,12.998311042785645,13410.2080078125,20.553482797439575,6.108417202560425,77.65278375,82.1823058472491,4.5295220972490995,5.833045357178325
24.8989,2740.54,73.63903045654297,11.801422119140625,9626.2822265625,18.335308554344177,6.563591445655824,68.23643140600001,63.39936639166883,4.837065014331181,7.088684027966122
25.2247,1699.64,68.02461242675781,7.129131317138672,5989.1025390625,17.159004410812376,8.065695589187623,42.872909108,48.42860672822484,5.555697620224841,12.958527274717074
33.7207,2217.42,67.85697174072266,6.812509536743164,7005.03466796875,22.881845869773866,10.838854130226135,74.77295459400001,76.08243173649647,1.309477142496462,1.7512710974263652
31.7444,1742.29,62.30744552612305,6.253352165222168,4649.16552734375,19.779124737594604,11.965275262405395,55.307950676,55.75223110765815,0.4442804316581501,0.8032849278050335
25.7921,2300.67,67.32476043701172,9.140292167663574,7133.06298828125,17.364469536674502,8.4276304633255,59.33911070700001,60.27353526176038,0.9344245547603691,1.5747195123538287
26.093,2270.71,79.85902404785156,10.161574363708496,11545.8955078125,20.83761514480591,5.255384855194091,59.249636030000005,60.889867367267584,1.6402313372675792,2.76833993788093
39.1542,2281.93,69.24656677246094,6.639172554016113,7535.5029296875,27.112939247222904,12.041260752777099,89.347143606,90.91696316179181,1.5698195557918098,1.7569890792640743
30.571,2264.74,63.33263397216797,8.164729118347168,6197.384765625,19.361419531631473,11.209580468368529,69.23536654,69.62816396953711,0.3927974295371115,0.5673363905861275
25.6189,2321.57,77.5530776977539,9.953083038330078,9922.1865234375,19.868245422309876,5.750654577690124,59.476069673000005,57.25681764821528,2.2192520247847227,3.731336043195509
